{"stats":{"minecraft:used":{"minecraft:wooden_axe":13,"minecraft:stone_pickaxe":5,"minecraft:wooden_pickaxe":10,"minecraft:dirt":5,"minecraft:sand":2,"minecraft:jungle_planks":2},"minecraft:dropped":{"minecraft:stone_pickaxe":1},"minecraft:custom":{"minecraft:time_since_rest":2464,"minecraft:sprint_one_cm":20473,"minecraft:damage_taken":615,"minecraft:walk_one_cm":54398,"minecraft:mob_kills":5,"minecraft:drop":1,"minecraft:damage_dealt":1001,"minecraft:interact_with_crafting_table":4,"minecraft:fly_one_cm":50189,"minecraft:crouch_one_cm":8093,"minecraft:play_time":19531,"minecraft:deaths":2,"minecraft:sneak_time":2085,"minecraft:jump":352,"minecraft:leave_game":4,"minecraft:time_since_death":2437,"minecraft:climb_one_cm":2086,"minecraft:total_world_time":19531,"minecraft:fall_one_cm":13780},"minecraft:picked_up":{"minecraft:stick":6,"minecraft:jungle_log":12,"minecraft:wooden_pickaxe":1,"minecraft:jungle_planks":23,"minecraft:sand":15,"minecraft:string":2,"minecraft:spider_eye":2,"minecraft:dirt":13,"minecraft:rotten_flesh":4,"minecraft:stone_pickaxe":1,"minecraft:jungle_sapling":4,"minecraft:cobblestone":16},"minecraft:mined":{"minecraft:jungle_leaves":9,"minecraft:grass_block":2,"minecraft:jungle_log":12,"minecraft:sand":14,"minecraft:dirt":6,"minecraft:stone":15,"minecraft:oak_leaves":2},"minecraft:killed":{"minecraft:skeleton":1,"minecraft:zombie":3,"minecraft:spider":1,"minecraft:turtle":1},"minecraft:killed_by":{"minecraft:creeper":1},"minecraft:crafted":{"minecraft:stick":16,"minecraft:wooden_pickaxe":1,"minecraft:stone_pickaxe":2,"minecraft:wooden_axe":1,"minecraft:jungle_planks":48}},"DataVersion":3120}