{"stats":{"minecraft:used":{"minecraft:wooden_axe":13},"minecraft:custom":{"minecraft:time_since_rest":5016,"minecraft:crouch_one_cm":4913,"minecraft:sprint_one_cm":9806,"minecraft:play_time":8729,"minecraft:damage_taken":300,"minecraft:deaths":1,"minecraft:walk_one_cm":25037,"minecraft:sneak_time":1303,"minecraft:mob_kills":4,"minecraft:jump":157,"minecraft:damage_dealt":830,"minecraft:leave_game":1,"minecraft:time_since_death":4756,"minecraft:climb_one_cm":1392,"minecraft:total_world_time":8729,"minecraft:interact_with_crafting_table":1,"minecraft:fall_one_cm":4094,"minecraft:fly_one_cm":16908},"minecraft:picked_up":{"minecraft:rotten_flesh":4,"minecraft:jungle_log":11,"minecraft:sand":13},"minecraft:mined":{"minecraft:jungle_log":11,"minecraft:sand":12,"minecraft:jungle_leaves":8,"minecraft:oak_leaves":2},"minecraft:killed":{"minecraft:skeleton":1,"minecraft:turtle":1,"minecraft:zombie":2},"minecraft:killed_by":{"minecraft:creeper":1},"minecraft:crafted":{"minecraft:stick":4,"minecraft:jungle_planks":16,"minecraft:wooden_axe":1}},"DataVersion":3120}