{"stats":{"minecraft:custom":{"minecraft:interact_with_crafting_table":60,"minecraft:open_barrel":2,"minecraft:leave_game":13,"minecraft:time_since_death":31442,"minecraft:sprint_one_cm":1366238,"minecraft:damage_blocked_by_shield":720,"minecraft:drop":210,"minecraft:talked_to_villager":125,"minecraft:play_time":648228,"minecraft:deaths":10,"minecraft:jump":11564,"minecraft:walk_on_water_one_cm":126580,"minecraft:interact_with_furnace":60,"minecraft:sleep_in_bed":18,"minecraft:damage_dealt":39973,"minecraft:crouch_one_cm":106237,"minecraft:interact_with_smoker":1,"minecraft:horse_one_cm":4377820,"minecraft:mob_kills":232,"minecraft:climb_one_cm":45277,"minecraft:walk_one_cm":1513139,"minecraft:sneak_time":34844,"minecraft:walk_under_water_one_cm":220127,"minecraft:boat_one_cm":272859,"minecraft:total_world_time":648228,"minecraft:time_since_rest":2637,"minecraft:damage_taken":11987,"minecraft:swim_one_cm":386010,"minecraft:fly_one_cm":1749631,"minecraft:open_chest":144,"minecraft:fall_one_cm":314451},"minecraft:used":{"minecraft:ladder":4,"minecraft:shield":27,"minecraft:iron_sword":472,"minecraft:rotten_flesh":2,"minecraft:iron_chestplate":1,"minecraft:soul_sand":2,"minecraft:mutton":2,"minecraft:jungle_planks":89,"minecraft:carrot":30,"travelersbackpack:iron":2,"minecraft:iron_helmet":3,"minecraft:bow":31,"minecraft:furnace":2,"minecraft:egg":1,"minecraft:stone_pickaxe":50,"minecraft:oak_planks":191,"minecraft:wooden_pickaxe":11,"minecraft:sandstone":13,"minecraft:white_wool":7,"minecraft:glow_berries":99,"minecraft:sand":22,"minecraft:acacia_door":59,"minecraft:bread":19,"minecraft:melon_slice":99,"minecraft:diamond_sword":146,"minecraft:andesite":3,"minecraft:oak_boat":5,"minecraft:coarse_dirt":3,"minecraft:acacia_log":6,"minecraft:flint_and_steel":1,"minecraft:tropical_fish":2,"minecraft:cooked_chicken":4,"minecraft:netherrack":33,"minecraft:torch":53,"minecraft:dirt":17,"minecraft:granite":2,"minecraft:wooden_axe":13,"alexsmobs:maggot":1,"minecraft:iron_axe":269,"minecraft:iron_boots":3,"minecraft:basalt":35,"minecraft:acacia_planks":258,"minecraft:cobbled_deepslate":4,"minecraft:iron_leggings":2,"minecraft:cooked_mutton":3,"minecraft:crafting_table":15,"minecraft:white_bed":9,"alexsmobs:leafcutter_ant_pupa":1,"minecraft:iron_pickaxe":262,"minecraft:stone_axe":43,"minecraft:cobblestone":7,"minecraft:cooked_porkchop":70,"minecraft:jungle_door":2},"minecraft:broken":{"minecraft:golden_boots":1,"minecraft:iron_leggings":1,"minecraft:iron_sword":1,"minecraft:leather_helmet":1,"minecraft:iron_pickaxe":1,"minecraft:iron_helmet":1},"minecraft:crafted":{"minecraft:oak_planks":324,"travelersbackpack:iron":1,"minecraft:blaze_powder":6,"minecraft:cooked_chicken":4,"minecraft:cooked_mutton":21,"minecraft:iron_boots":1,"minecraft:cooked_porkchop":11,"minecraft:crafting_table":6,"minecraft:wooden_pickaxe":1,"minecraft:iron_helmet":2,"minecraft:birch_planks":4,"minecraft:iron_chestplate":1,"minecraft:paper":3,"minecraft:shield":1,"minecraft:stick":52,"minecraft:iron_ingot":63,"minecraft:iron_pickaxe":1,"minecraft:acacia_door":9,"minecraft:iron_axe":2,"minecraft:ladder":3,"minecraft:stone_pickaxe":2,"minecraft:wheat":82,"minecraft:red_dye":3,"minecraft:iron_sword":3,"minecraft:stone_axe":1,"minecraft:bread":21,"minecraft:air":0,"minecraft:jungle_planks":132,"minecraft:oak_boat":2,"minecraft:jungle_door":3,"minecraft:wooden_axe":1,"minecraft:iron_leggings":1,"minecraft:white_bed":2,"minecraft:acacia_planks":220,"minecraft:torch":60},"minecraft:killed":{"minecraft:cave_spider":7,"minecraft:spider":12,"minecraft:skeleton":35,"alexsmobs:leafcutter_ant":2,"minecraft:chicken":6,"alexsmobs:straddler":4,"minecraft:turtle":1,"minecraft:magma_cube":10,"minecraft:pig":11,"minecraft:zombie_villager":1,"minecraft:iron_golem":1,"alexsmobs:stradpole":4,"irons_spellbooks:necromancer":2,"minecraft:creeper":3,"alexsmobs:crimson_mosquito":1,"minecraft:sheep":13,"minecraft:pillager":3,"minecraft:zombie":84,"alexsmobs:fly":3,"minecraft:cow":3,"minecraft:blaze":8,"alexsmobs:dropbear":1,"alexsmobs:raccoon":1,"alexsmobs:seagull":1,"minecraft:phantom":1,"alexsmobs:gorilla":2,"minecraft:horse":1,"alexsmobs:bison":4,"minecraft:drowned":1,"alexsmobs:rhinoceros":1,"alexsmobs:cockroach":1,"alexsmobs:gazelle":1,"minecraft:enderman":5},"minecraft:picked_up":{"minecraft:iron_chestplate":4,"minecraft:wheat":23,"minecraft:nether_brick_fence":2,"minecraft:diamond_sword":2,"minecraft:enchanted_book":1,"minecraft:potion":2,"minecraft:stone_brick_stairs":3,"minecraft:string":56,"minecraft:smooth_stone_slab":6,"minecraft:iron_leggings":3,"alexsmobs:dropbear_claw":2,"alexsmobs:blood_sac":1,"minecraft:cobbled_deepslate":4,"minecraft:bucket":1,"minecraft:red_dye":1,"minecraft:iron_pickaxe":5,"minecraft:melon_slice":171,"minecraft:iron_boots":6,"minecraft:furnace":4,"minecraft:stick":30,"minecraft:jungle_door":7,"minecraft:acacia_fence":1,"minecraft:torch":65,"minecraft:acacia_log":67,"minecraft:porkchop":24,"travelersbackpack:iron":1,"minecraft:rotten_flesh":70,"minecraft:tropical_fish":2,"minecraft:blaze_rod":3,"minecraft:blaze_powder":6,"minecraft:cobblestone":79,"minecraft:birch_log":1,"minecraft:magma_block":9,"minecraft:feather":5,"minecraft:andesite":9,"minecraft:jungle_log":21,"minecraft:potato":1,"minecraft:flint":2,"minecraft:lapis_lazuli":98,"minecraft:dirt":89,"minecraft:bone":38,"minecraft:leather_boots":2,"minecraft:acacia_planks":97,"minecraft:bow":3,"minecraft:wheat_seeds":82,"minecraft:oak_planks":124,"minecraft:mossy_stone_brick_stairs":2,"minecraft:cooked_porkchop":130,"minecraft:warped_wart_block":2,"minecraft:jungle_planks":97,"minecraft:sand":54,"minecraft:ink_sac":3,"minecraft:mossy_cobblestone":2,"alexsmobs:animal_dictionary":1,"minecraft:clay":1,"minecraft:diamond":12,"improvableskills:skills_book":1,"minecraft:granite":4,"minecraft:bone_meal":1,"minecraft:golden_apple":7,"minecraft:bread":30,"minecraft:emerald":7,"alexsmobs:maggot":3,"minecraft:oak_sapling":6,"minecraft:netherrack":48,"minecraft:coarse_dirt":3,"minecraft:crafting_table":17,"minecraft:ladder":1,"minecraft:chicken":8,"minecraft:nether_wart":13,"minecraft:clay_ball":4,"minecraft:golden_pickaxe":1,"minecraft:wooden_pickaxe":1,"minecraft:diamond_horse_armor":1,"minecraft:shield":3,"minecraft:acacia_door":66,"minecraft:iron_axe":6,"minecraft:moss_carpet":2,"minecraft:flint_and_steel":2,"minecraft:cracked_stone_bricks":2,"improvableskills:scroll_normal":1,"minecraft:beef":24,"minecraft:oak_boat":4,"minecraft:jungle_sapling":6,"minecraft:poppy":3,"minecraft:sugar_cane":2,"minecraft:phantom_membrane":2,"minecraft:egg":3,"minecraft:raw_iron":155,"minecraft:sandstone":14,"alexsmobs:straddlite":3,"minecraft:carrot":19,"alexsmobs:leafcutter_ant_pupa":3,"minecraft:prismarine_crystals":4,"minecraft:arrow":40,"minecraft:nether_bricks":4,"minecraft:hay_block":19,"minecraft:saddle":2,"minecraft:gold_ingot":2,"minecraft:glow_berries":50,"minecraft:mutton":49,"minecraft:white_wool":27,"minecraft:basalt":67,"artifacts:digging_claws":1,"minecraft:leather":5,"alexsmobs:acacia_blossom":1,"minecraft:filled_map":3,"alexsmobs:cachalot_whale_tooth":2,"minecraft:crimson_fungus":1,"minecraft:oak_log":39,"minecraft:golden_boots":1,"minecraft:gunpowder":2,"minecraft:white_banner":1,"minecraft:cooked_mutton":1,"minecraft:apple":1,"minecraft:stone_bricks":2,"minecraft:kelp":73,"minecraft:spore_blossom":2,"minecraft:heart_of_the_sea":1,"minecraft:iron_ingot":22,"minecraft:stone_pickaxe":2,"minecraft:glass_bottle":1,"minecraft:acacia_sapling":4,"minecraft:flowering_azalea":2,"minecraft:iron_sword":10,"minecraft:soul_sand":10,"minecraft:warped_fungus":1,"minecraft:stone_brick_slab":6,"minecraft:dandelion":1,"minecraft:white_bed":10,"minecraft:mossy_stone_brick_slab":6,"minecraft:spider_eye":8,"minecraft:leather_helmet":1,"travelersbackpack:standard":1,"minecraft:stone_axe":1,"minecraft:iron_helmet":2,"minecraft:diamond_axe":1,"minecraft:gray_wool":1,"minecraft:warped_roots":2,"minecraft:black_wool":1,"minecraft:melon_seeds":7,"minecraft:coal":171,"minecraft:ender_pearl":4},"minecraft:killed_by":{"minecraft:creeper":2,"alexsmobs:cachalot_whale":1,"minecraft:zombie":1},"minecraft:dropped":{"minecraft:iron_sword":4,"minecraft:oak_log":11,"minecraft:spore_blossom":1,"minecraft:cooked_porkchop":14,"minecraft:mossy_stone_brick_stairs":1,"minecraft:jungle_planks":2,"minecraft:iron_pickaxe":2,"minecraft:white_wool":12,"minecraft:gold_ingot":4,"minecraft:bone":1,"minecraft:stone_axe":1,"minecraft:wheat":4,"minecraft:obsidian":1,"minecraft:rotten_flesh":8,"minecraft:oak_planks":87,"minecraft:mossy_stone_brick_slab":6,"minecraft:cooked_mutton":18,"minecraft:white_bed":1,"alexsmobs:leafcutter_ant_pupa":2,"alexsmobs:blood_sac":1,"minecraft:melon_seeds":2,"minecraft:basalt":25,"minecraft:arrow":4,"minecraft:warped_wart_block":2,"minecraft:stone_brick_stairs":3,"minecraft:acacia_fence":1,"minecraft:netherrack":3,"minecraft:egg":2,"minecraft:bread":30,"minecraft:iron_ingot":43,"minecraft:wheat_seeds":23,"minecraft:prismarine_crystals":4,"minecraft:iron_helmet":1,"minecraft:cobblestone":5,"minecraft:granite":1,"minecraft:golden_apple":3,"minecraft:coal":20,"minecraft:gray_wool":1,"minecraft:torch":1,"minecraft:melon_slice":23,"minecraft:iron_leggings":1,"minecraft:iron_axe":2,"minecraft:string":2,"minecraft:bucket":1,"minecraft:acacia_planks":3,"minecraft:stone_brick_slab":6,"minecraft:kelp":73,"alexsmobs:maggot":2,"minecraft:smooth_stone_slab":3,"minecraft:iron_boots":2,"minecraft:filled_map":2,"minecraft:potato":1,"minecraft:hay_block":1,"minecraft:oak_sapling":1,"minecraft:stone_bricks":2,"minecraft:spider_eye":1,"minecraft:sandstone":1,"minecraft:bow":1,"minecraft:stone_pickaxe":1,"minecraft:magma_block":3},"minecraft:mined":{"minecraft:white_bed":6,"minecraft:mossy_stone_brick_slab":2,"minecraft:jungle_leaves":15,"minecraft:brewing_stand":1,"minecraft:cave_vines_plant":17,"minecraft:granite":4,"minecraft:acacia_log":68,"minecraft:grass_block":14,"minecraft:jungle_log":20,"travelersbackpack:iron":1,"minecraft:crimson_fungus":1,"minecraft:nether_wart":10,"minecraft:magma_block":3,"minecraft:iron_ore":94,"minecraft:fire":13,"minecraft:cave_vines":35,"minecraft:dirt_path":3,"minecraft:jungle_door":1,"minecraft:kelp_plant":7,"minecraft:clay":1,"minecraft:torch":1,"minecraft:poppy":3,"minecraft:melon":16,"minecraft:cobblestone":19,"minecraft:sugar_cane":1,"minecraft:oak_planks":21,"minecraft:wall_torch":3,"minecraft:birch_log":1,"minecraft:wheat":1,"minecraft:stone_brick_stairs":1,"minecraft:smooth_stone_slab":3,"minecraft:grass":25,"minecraft:oak_log":6,"minecraft:acacia_fence":1,"minecraft:sand":27,"minecraft:dirt":12,"minecraft:netherrack":40,"minecraft:oak_leaves":7,"minecraft:deepslate":5,"minecraft:mossy_cobblestone":1,"minecraft:ladder":1,"minecraft:glow_lichen":1,"minecraft:nether_bricks":4,"minecraft:jungle_planks":14,"alexsmobs:leafcutter_ant_chamber":2,"minecraft:kelp":12,"minecraft:sandstone":10,"minecraft:spore_blossom":1,"minecraft:furnace":3,"minecraft:andesite":6,"minecraft:nether_brick_fence":2,"minecraft:mossy_stone_brick_stairs":2,"minecraft:deepslate_iron_ore":9,"minecraft:vine":4,"minecraft:stone":43,"minecraft:white_wool":10,"minecraft:acacia_leaves":4,"minecraft:flowering_azalea":1,"minecraft:soul_sand":1,"minecraft:basalt":34,"minecraft:stone_brick_slab":2,"minecraft:crafting_table":12,"minecraft:emerald_ore":2,"minecraft:tall_grass":3,"minecraft:lapis_ore":6,"minecraft:warped_wart_block":1,"minecraft:coarse_dirt":1,"minecraft:coal_ore":44,"minecraft:acacia_door":55,"minecraft:cobweb":19,"minecraft:cracked_stone_bricks":4,"minecraft:acacia_planks":75,"minecraft:stone_bricks":2,"minecraft:small_dripleaf":1,"minecraft:mossy_stone_bricks":2}},"DataVersion":3120}