{"stats":{"minecraft:used":{"minecraft:acacia_log":6,"minecraft:tropical_fish":2,"minecraft:ladder":3,"minecraft:shield":20,"minecraft:iron_sword":168,"minecraft:cooked_chicken":1,"minecraft:rotten_flesh":2,"minecraft:netherrack":2,"minecraft:torch":32,"minecraft:dirt":8,"minecraft:mutton":1,"minecraft:jungle_planks":89,"minecraft:carrot":12,"minecraft:granite":2,"minecraft:wooden_axe":13,"minecraft:iron_axe":221,"minecraft:iron_helmet":1,"minecraft:iron_boots":1,"minecraft:furnace":2,"minecraft:egg":1,"minecraft:cobbled_deepslate":1,"minecraft:acacia_planks":207,"minecraft:iron_leggings":1,"minecraft:cooked_mutton":3,"minecraft:stone_pickaxe":50,"minecraft:oak_planks":13,"minecraft:wooden_pickaxe":11,"minecraft:sandstone":13,"minecraft:white_wool":7,"minecraft:glow_berries":99,"minecraft:sand":22,"minecraft:crafting_table":12,"minecraft:white_bed":9,"minecraft:acacia_door":59,"minecraft:melon_slice":49,"minecraft:iron_pickaxe":64,"minecraft:stone_axe":43,"minecraft:cobblestone":2,"minecraft:cooked_porkchop":15,"minecraft:jungle_door":2,"minecraft:andesite":3,"minecraft:oak_boat":5},"minecraft:dropped":{"minecraft:iron_ingot":40,"minecraft:wheat_seeds":22,"minecraft:spore_blossom":1,"minecraft:cooked_porkchop":14,"minecraft:cobblestone":3,"minecraft:prismarine_crystals":4,"minecraft:jungle_planks":2,"minecraft:mossy_stone_brick_stairs":1,"minecraft:gray_wool":1,"minecraft:torch":1,"minecraft:melon_slice":1,"minecraft:string":2,"minecraft:white_wool":3,"minecraft:acacia_planks":3,"minecraft:stone_brick_slab":6,"minecraft:gold_ingot":4,"minecraft:bone":1,"minecraft:stone_axe":1,"minecraft:kelp":73,"minecraft:rotten_flesh":7,"minecraft:oak_planks":2,"minecraft:mossy_stone_brick_slab":6,"minecraft:white_bed":1,"minecraft:filled_map":2,"minecraft:potato":1,"minecraft:spider_eye":1,"minecraft:sandstone":1,"minecraft:arrow":4,"minecraft:stone_pickaxe":1,"minecraft:magma_block":3,"minecraft:stone_brick_stairs":3,"minecraft:netherrack":3},"minecraft:custom":{"minecraft:mob_kills":76,"minecraft:interact_with_crafting_table":39,"minecraft:leave_game":10,"minecraft:time_since_death":107269,"minecraft:climb_one_cm":21236,"minecraft:sprint_one_cm":541984,"minecraft:walk_one_cm":560304,"minecraft:damage_blocked_by_shield":530,"minecraft:drop":157,"minecraft:talked_to_villager":25,"minecraft:play_time":280127,"minecraft:sneak_time":15660,"minecraft:deaths":8,"minecraft:walk_under_water_one_cm":148244,"minecraft:boat_one_cm":266905,"minecraft:jump":5075,"minecraft:walk_on_water_one_cm":85175,"minecraft:total_world_time":280127,"minecraft:interact_with_furnace":36,"minecraft:sleep_in_bed":12,"minecraft:time_since_rest":66014,"minecraft:damage_taken":5034,"minecraft:damage_dealt":12582,"minecraft:swim_one_cm":204980,"minecraft:fly_one_cm":826051,"minecraft:open_chest":30,"minecraft:crouch_one_cm":38695,"minecraft:fall_one_cm":150685,"minecraft:interact_with_smoker":1,"minecraft:horse_one_cm":465369},"minecraft:broken":{"minecraft:leather_helmet":1},"minecraft:picked_up":{"minecraft:crafting_table":12,"minecraft:iron_chestplate":1,"minecraft:chicken":3,"minecraft:clay_ball":4,"minecraft:golden_pickaxe":1,"minecraft:wooden_pickaxe":1,"minecraft:potion":1,"minecraft:stone_brick_stairs":3,"minecraft:shield":2,"minecraft:string":7,"minecraft:moss_carpet":2,"minecraft:iron_axe":1,"minecraft:acacia_door":59,"minecraft:flint_and_steel":1,"minecraft:iron_leggings":1,"minecraft:cobbled_deepslate":1,"minecraft:beef":18,"minecraft:oak_boat":4,"minecraft:jungle_sapling":6,"minecraft:iron_pickaxe":1,"minecraft:melon_slice":50,"minecraft:sugar_cane":2,"minecraft:furnace":4,"minecraft:iron_boots":1,"minecraft:egg":1,"minecraft:stick":19,"minecraft:raw_iron":21,"minecraft:sandstone":14,"minecraft:jungle_door":3,"minecraft:torch":5,"minecraft:acacia_log":47,"minecraft:porkchop":21,"minecraft:carrot":12,"minecraft:prismarine_crystals":4,"minecraft:rotten_flesh":27,"minecraft:arrow":5,"minecraft:tropical_fish":2,"minecraft:saddle":1,"minecraft:gold_ingot":2,"minecraft:glow_berries":50,"minecraft:mutton":43,"minecraft:white_wool":19,"minecraft:cobblestone":32,"minecraft:magma_block":3,"minecraft:feather":2,"minecraft:andesite":6,"minecraft:jungle_log":20,"minecraft:leather":4,"minecraft:potato":1,"minecraft:filled_map":3,"minecraft:oak_log":6,"minecraft:golden_boots":1,"minecraft:lapis_lazuli":81,"minecraft:dirt":15,"minecraft:leather_boots":2,"minecraft:bone":4,"minecraft:acacia_planks":94,"minecraft:kelp":73,"minecraft:wheat_seeds":37,"minecraft:spore_blossom":2,"minecraft:heart_of_the_sea":1,"minecraft:iron_ingot":13,"minecraft:stone_pickaxe":2,"minecraft:iron_sword":1,"minecraft:oak_planks":22,"minecraft:flowering_azalea":2,"minecraft:mossy_stone_brick_stairs":2,"minecraft:cooked_porkchop":100,"minecraft:stone_brick_slab":6,"minecraft:sand":54,"minecraft:jungle_planks":97,"minecraft:white_bed":10,"minecraft:mossy_stone_brick_slab":6,"minecraft:spider_eye":4,"minecraft:leather_helmet":1,"minecraft:clay":1,"minecraft:diamond":1,"minecraft:stone_axe":1,"minecraft:granite":3,"minecraft:bone_meal":1,"minecraft:gray_wool":1,"minecraft:emerald":1,"minecraft:netherrack":5,"minecraft:melon_seeds":3,"minecraft:black_wool":1,"minecraft:coal":92},"minecraft:mined":{"minecraft:white_bed":6,"minecraft:mossy_stone_brick_slab":2,"minecraft:jungle_leaves":9,"minecraft:brewing_stand":1,"minecraft:cave_vines_plant":17,"minecraft:granite":3,"minecraft:acacia_log":48,"minecraft:grass_block":2,"minecraft:jungle_planks":14,"minecraft:jungle_log":20,"minecraft:kelp":12,"minecraft:sandstone":10,"minecraft:spore_blossom":1,"minecraft:magma_block":3,"minecraft:furnace":3,"minecraft:iron_ore":9,"minecraft:andesite":3,"minecraft:mossy_stone_brick_stairs":1,"minecraft:cave_vines":35,"minecraft:deepslate_iron_ore":9,"minecraft:vine":2,"minecraft:stone":30,"minecraft:white_wool":6,"minecraft:acacia_leaves":3,"minecraft:flowering_azalea":1,"minecraft:jungle_door":1,"minecraft:kelp_plant":7,"minecraft:stone_brick_slab":2,"minecraft:clay":1,"minecraft:crafting_table":9,"minecraft:tall_grass":2,"minecraft:lapis_ore":6,"minecraft:sugar_cane":1,"minecraft:oak_planks":16,"minecraft:wall_torch":1,"minecraft:stone_brick_stairs":1,"minecraft:grass":7,"minecraft:oak_log":6,"minecraft:coal_ore":23,"minecraft:sand":27,"minecraft:acacia_door":55,"minecraft:dirt":6,"minecraft:acacia_planks":74,"minecraft:small_dripleaf":1,"minecraft:netherrack":5,"minecraft:oak_leaves":2,"minecraft:deepslate":1},"minecraft:killed":{"minecraft:spider":5,"minecraft:skeleton":7,"minecraft:chicken":2,"minecraft:drowned":1,"minecraft:turtle":1,"minecraft:pig":11,"minecraft:zombie_villager":1,"minecraft:creeper":1,"minecraft:sheep":11,"minecraft:zombie":36,"minecraft:cow":3,"minecraft:enderman":1},"minecraft:killed_by":{"minecraft:creeper":1,"minecraft:zombie":1},"minecraft:crafted":{"minecraft:oak_planks":24,"minecraft:cooked_chicken":1,"minecraft:cooked_mutton":3,"minecraft:iron_boots":1,"minecraft:iron_axe":2,"minecraft:ladder":3,"minecraft:stone_pickaxe":2,"minecraft:cooked_porkchop":11,"minecraft:crafting_table":5,"minecraft:wooden_pickaxe":1,"minecraft:iron_helmet":1,"minecraft:iron_sword":1,"minecraft:stone_axe":1,"minecraft:air":0,"minecraft:jungle_planks":128,"minecraft:oak_boat":2,"minecraft:jungle_door":3,"minecraft:iron_chestplate":1,"minecraft:stick":48,"minecraft:iron_ingot":54,"minecraft:iron_pickaxe":1,"minecraft:wooden_axe":1,"minecraft:acacia_door":9,"minecraft:iron_leggings":1,"minecraft:white_bed":2,"minecraft:acacia_planks":160,"minecraft:torch":44}},"DataVersion":3120}