{"stats":{"minecraft:dropped":{"minecraft:bread":30,"minecraft:iron_ingot":43,"minecraft:iron_sword":4,"minecraft:wheat_seeds":22,"minecraft:oak_log":11,"minecraft:spore_blossom":1,"minecraft:cooked_porkchop":14,"minecraft:iron_helmet":1,"minecraft:cobblestone":3,"minecraft:prismarine_crystals":4,"minecraft:jungle_planks":2,"minecraft:mossy_stone_brick_stairs":1,"minecraft:coal":20,"minecraft:golden_apple":3,"minecraft:gray_wool":1,"minecraft:torch":1,"minecraft:melon_slice":1,"minecraft:iron_leggings":1,"minecraft:iron_axe":2,"minecraft:iron_pickaxe":1,"minecraft:string":2,"minecraft:bucket":1,"minecraft:white_wool":3,"minecraft:acacia_planks":3,"minecraft:stone_brick_slab":6,"minecraft:gold_ingot":4,"minecraft:bone":1,"minecraft:stone_axe":1,"minecraft:kelp":73,"minecraft:rotten_flesh":7,"minecraft:iron_boots":2,"minecraft:oak_planks":86,"minecraft:mossy_stone_brick_slab":6,"minecraft:white_bed":1,"minecraft:filled_map":2,"minecraft:potato":1,"minecraft:hay_block":1,"minecraft:spider_eye":1,"minecraft:sandstone":1,"minecraft:basalt":25,"minecraft:arrow":4,"minecraft:stone_pickaxe":1,"minecraft:magma_block":3,"minecraft:stone_brick_stairs":3,"minecraft:netherrack":3},"minecraft:crafted":{"minecraft:oak_planks":324,"minecraft:cooked_chicken":1,"minecraft:cooked_mutton":21,"minecraft:iron_boots":1,"minecraft:iron_axe":2,"minecraft:ladder":3,"minecraft:stone_pickaxe":2,"minecraft:cooked_porkchop":11,"minecraft:crafting_table":5,"minecraft:wooden_pickaxe":1,"minecraft:iron_helmet":2,"minecraft:iron_sword":2,"minecraft:stone_axe":1,"minecraft:air":0,"minecraft:jungle_planks":128,"minecraft:oak_boat":2,"minecraft:jungle_door":3,"minecraft:iron_chestplate":1,"minecraft:shield":1,"minecraft:stick":52,"minecraft:iron_ingot":63,"minecraft:iron_pickaxe":1,"minecraft:wooden_axe":1,"minecraft:acacia_door":9,"minecraft:iron_leggings":1,"minecraft:white_bed":2,"minecraft:acacia_planks":160,"minecraft:torch":56},"minecraft:used":{"minecraft:acacia_log":6,"minecraft:flint_and_steel":1,"minecraft:tropical_fish":2,"minecraft:ladder":3,"minecraft:shield":24,"minecraft:iron_sword":259,"minecraft:iron_chestplate":1,"minecraft:cooked_chicken":1,"minecraft:rotten_flesh":2,"minecraft:netherrack":2,"minecraft:torch":50,"minecraft:dirt":8,"minecraft:mutton":2,"minecraft:jungle_planks":89,"minecraft:carrot":12,"minecraft:granite":2,"minecraft:wooden_axe":13,"alexsmobs:maggot":1,"minecraft:iron_axe":238,"minecraft:iron_helmet":2,"minecraft:iron_boots":2,"minecraft:furnace":2,"minecraft:egg":1,"minecraft:cobbled_deepslate":1,"minecraft:acacia_planks":207,"minecraft:iron_leggings":2,"minecraft:cooked_mutton":3,"minecraft:stone_pickaxe":50,"minecraft:oak_planks":93,"minecraft:wooden_pickaxe":11,"minecraft:sandstone":13,"minecraft:white_wool":7,"minecraft:glow_berries":99,"minecraft:sand":22,"minecraft:crafting_table":12,"minecraft:white_bed":9,"minecraft:acacia_door":59,"minecraft:melon_slice":49,"minecraft:iron_pickaxe":162,"minecraft:stone_axe":43,"minecraft:cobblestone":2,"minecraft:cooked_porkchop":26,"minecraft:jungle_door":2,"minecraft:andesite":3,"minecraft:oak_boat":5},"minecraft:killed":{"minecraft:spider":7,"minecraft:skeleton":9,"minecraft:chicken":2,"alexsmobs:straddler":2,"minecraft:drowned":1,"minecraft:turtle":1,"minecraft:pig":11,"minecraft:zombie_villager":1,"minecraft:iron_golem":1,"alexsmobs:stradpole":3,"minecraft:creeper":1,"minecraft:sheep":11,"alexsmobs:cockroach":1,"minecraft:zombie":47,"alexsmobs:fly":1,"minecraft:cow":3,"minecraft:enderman":1},"minecraft:mined":{"minecraft:white_bed":6,"minecraft:mossy_stone_brick_slab":2,"minecraft:jungle_leaves":9,"minecraft:brewing_stand":1,"minecraft:cave_vines_plant":17,"minecraft:granite":3,"minecraft:acacia_log":62,"minecraft:grass_block":7,"minecraft:jungle_planks":14,"minecraft:jungle_log":20,"minecraft:kelp":12,"minecraft:sandstone":10,"minecraft:spore_blossom":1,"minecraft:magma_block":3,"minecraft:furnace":3,"minecraft:iron_ore":77,"minecraft:andesite":6,"minecraft:mossy_stone_brick_stairs":1,"minecraft:cave_vines":35,"minecraft:deepslate_iron_ore":9,"minecraft:vine":2,"minecraft:dirt_path":3,"minecraft:stone":35,"minecraft:white_wool":6,"minecraft:acacia_leaves":4,"minecraft:flowering_azalea":1,"minecraft:jungle_door":1,"minecraft:kelp_plant":7,"minecraft:basalt":21,"minecraft:stone_brick_slab":2,"minecraft:clay":1,"minecraft:crafting_table":9,"minecraft:melon":3,"minecraft:tall_grass":2,"minecraft:lapis_ore":6,"minecraft:sugar_cane":1,"minecraft:oak_planks":18,"minecraft:wall_torch":3,"minecraft:wheat":1,"minecraft:stone_brick_stairs":1,"minecraft:grass":9,"minecraft:oak_log":6,"minecraft:coal_ore":23,"minecraft:sand":27,"minecraft:acacia_door":55,"minecraft:dirt":6,"minecraft:acacia_planks":74,"minecraft:small_dripleaf":1,"minecraft:netherrack":5,"minecraft:oak_leaves":3,"minecraft:deepslate":1},"minecraft:custom":{"minecraft:mob_kills":99,"minecraft:interact_with_crafting_table":47,"minecraft:leave_game":12,"minecraft:time_since_death":24044,"minecraft:climb_one_cm":22546,"minecraft:sprint_one_cm":636708,"minecraft:walk_one_cm":719086,"minecraft:damage_blocked_by_shield":590,"minecraft:drop":181,"minecraft:talked_to_villager":27,"minecraft:play_time":344917,"minecraft:sneak_time":20533,"minecraft:deaths":9,"minecraft:walk_under_water_one_cm":168000,"minecraft:boat_one_cm":266905,"minecraft:jump":6328,"minecraft:walk_on_water_one_cm":106909,"minecraft:total_world_time":344917,"minecraft:interact_with_furnace":42,"minecraft:sleep_in_bed":12,"minecraft:time_since_rest":24082,"minecraft:damage_taken":6100,"minecraft:damage_dealt":17441,"minecraft:swim_one_cm":324235,"minecraft:fly_one_cm":1001778,"minecraft:open_chest":44,"minecraft:crouch_one_cm":55031,"minecraft:fall_one_cm":183831,"minecraft:interact_with_smoker":1,"minecraft:horse_one_cm":466146},"minecraft:picked_up":{"minecraft:crafting_table":12,"minecraft:iron_chestplate":2,"minecraft:wheat":5,"minecraft:chicken":3,"minecraft:clay_ball":4,"minecraft:golden_pickaxe":1,"minecraft:wooden_pickaxe":1,"minecraft:potion":1,"minecraft:stone_brick_stairs":3,"minecraft:shield":2,"minecraft:string":7,"minecraft:moss_carpet":2,"minecraft:iron_axe":5,"minecraft:acacia_door":66,"minecraft:flint_and_steel":2,"minecraft:iron_leggings":3,"minecraft:cobbled_deepslate":1,"minecraft:bucket":1,"minecraft:beef":18,"minecraft:oak_boat":4,"minecraft:jungle_sapling":6,"minecraft:iron_pickaxe":3,"minecraft:melon_slice":66,"minecraft:sugar_cane":2,"minecraft:phantom_membrane":2,"minecraft:furnace":4,"minecraft:iron_boots":4,"minecraft:egg":1,"minecraft:stick":23,"minecraft:raw_iron":89,"minecraft:sandstone":14,"minecraft:jungle_door":7,"minecraft:torch":19,"minecraft:acacia_log":61,"alexsmobs:straddlite":2,"minecraft:porkchop":21,"minecraft:carrot":12,"minecraft:prismarine_crystals":4,"minecraft:rotten_flesh":37,"minecraft:arrow":5,"minecraft:tropical_fish":2,"minecraft:hay_block":1,"minecraft:saddle":1,"minecraft:gold_ingot":2,"minecraft:glow_berries":50,"minecraft:mutton":43,"minecraft:white_wool":19,"minecraft:cobblestone":45,"minecraft:magma_block":9,"minecraft:feather":2,"minecraft:basalt":50,"minecraft:andesite":9,"minecraft:jungle_log":20,"minecraft:leather":4,"alexsmobs:acacia_blossom":1,"minecraft:potato":1,"minecraft:filled_map":3,"alexsmobs:cachalot_whale_tooth":2,"minecraft:oak_log":39,"minecraft:golden_boots":1,"minecraft:lapis_lazuli":89,"minecraft:dirt":23,"minecraft:cooked_mutton":1,"minecraft:leather_boots":2,"minecraft:bone":5,"minecraft:acacia_planks":94,"minecraft:kelp":73,"minecraft:wheat_seeds":50,"minecraft:spore_blossom":2,"minecraft:heart_of_the_sea":1,"minecraft:iron_ingot":18,"minecraft:stone_pickaxe":2,"minecraft:acacia_sapling":3,"minecraft:iron_sword":8,"minecraft:oak_planks":119,"minecraft:flowering_azalea":2,"minecraft:mossy_stone_brick_stairs":2,"minecraft:cooked_porkchop":130,"minecraft:stone_brick_slab":6,"minecraft:sand":54,"minecraft:jungle_planks":97,"minecraft:ink_sac":3,"minecraft:white_bed":10,"alexsmobs:animal_dictionary":1,"minecraft:mossy_stone_brick_slab":6,"minecraft:spider_eye":4,"minecraft:leather_helmet":1,"minecraft:clay":1,"minecraft:diamond":1,"minecraft:stone_axe":1,"minecraft:iron_helmet":1,"minecraft:golden_apple":7,"minecraft:granite":3,"minecraft:bone_meal":1,"minecraft:gray_wool":1,"alexsmobs:maggot":1,"minecraft:bread":30,"minecraft:emerald":1,"minecraft:netherrack":11,"minecraft:melon_seeds":5,"minecraft:black_wool":1,"minecraft:coal":150},"minecraft:broken":{"minecraft:leather_helmet":1},"minecraft:killed_by":{"minecraft:creeper":1,"alexsmobs:cachalot_whale":1,"minecraft:zombie":1}},"DataVersion":3120}