{"stats":{"minecraft:used":{"minecraft:ladder":4,"minecraft:chest":2,"minecraft:shield":29,"minecraft:iron_sword":472,"minecraft:rotten_flesh":2,"minecraft:iron_chestplate":1,"minecraft:mutton":8,"minecraft:soul_sand":2,"minecraft:jungle_planks":89,"minecraft:carrot":30,"travelersbackpack:iron":2,"minecraft:iron_helmet":3,"minecraft:bow":40,"minecraft:oak_sapling":13,"minecraft:furnace":2,"minecraft:egg":1,"minecraft:stone_pickaxe":50,"minecraft:oak_planks":191,"minecraft:wooden_pickaxe":11,"minecraft:sandstone":13,"minecraft:diamond_axe":19,"minecraft:white_wool":7,"minecraft:glow_berries":99,"minecraft:sand":22,"minecraft:acacia_door":59,"minecraft:melon_slice":109,"minecraft:bread":55,"minecraft:diamond_sword":292,"minecraft:andesite":3,"minecraft:oak_boat":5,"minecraft:coarse_dirt":3,"minecraft:bone_meal":54,"minecraft:acacia_log":6,"minecraft:flint_and_steel":2,"minecraft:tropical_fish":2,"minecraft:cooked_salmon":10,"minecraft:cooked_chicken":4,"minecraft:netherrack":64,"minecraft:torch":58,"minecraft:dirt":151,"minecraft:anvil":1,"minecraft:granite":2,"minecraft:wooden_axe":13,"alexsmobs:maggot":1,"minecraft:iron_axe":390,"minecraft:iron_boots":3,"minecraft:basalt":66,"minecraft:cooked_beef":4,"minecraft:cobbled_deepslate":4,"minecraft:acacia_planks":258,"minecraft:iron_leggings":2,"minecraft:cooked_mutton":9,"minecraft:salmon":1,"minecraft:crafting_table":17,"minecraft:white_bed":10,"minecraft:cod":1,"alexsmobs:leafcutter_ant_pupa":1,"minecraft:iron_pickaxe":318,"minecraft:stone_axe":43,"minecraft:fishing_rod":16,"minecraft:cobblestone":38,"minecraft:porkchop":2,"minecraft:white_banner":1,"minecraft:cooked_porkchop":70,"minecraft:jungle_door":2,"minecraft:yellow_bed":1},"minecraft:crafted":{"minecraft:oak_planks":564,"travelersbackpack:iron":1,"minecraft:blaze_powder":6,"minecraft:cooked_chicken":4,"minecraft:cooked_mutton":27,"minecraft:iron_boots":1,"minecraft:chest":2,"minecraft:cooked_porkchop":11,"minecraft:crafting_table":6,"minecraft:wooden_pickaxe":1,"minecraft:iron_helmet":2,"minecraft:birch_planks":4,"minecraft:iron_chestplate":1,"minecraft:paper":3,"minecraft:shield":1,"minecraft:stick":52,"minecraft:iron_ingot":96,"minecraft:iron_pickaxe":1,"minecraft:iron_block":3,"minecraft:acacia_door":9,"minecraft:bone_meal":60,"minecraft:iron_axe":2,"minecraft:ladder":3,"minecraft:stone_pickaxe":2,"minecraft:wheat":82,"minecraft:cooked_beef":5,"minecraft:red_dye":3,"minecraft:iron_sword":3,"minecraft:stone_axe":1,"minecraft:bread":21,"minecraft:air":0,"minecraft:jungle_planks":132,"minecraft:oak_boat":2,"minecraft:jungle_door":3,"minecraft:wooden_axe":1,"minecraft:iron_leggings":1,"minecraft:anvil":1,"minecraft:white_bed":2,"minecraft:acacia_planks":244,"minecraft:torch":60},"minecraft:mined":{"minecraft:white_bed":7,"minecraft:oak_sapling":1,"minecraft:mossy_stone_brick_slab":2,"minecraft:jungle_leaves":15,"minecraft:brewing_stand":1,"minecraft:cave_vines_plant":17,"minecraft:granite":4,"minecraft:acacia_log":68,"minecraft:grass_block":19,"minecraft:jungle_log":20,"travelersbackpack:iron":2,"minecraft:crimson_fungus":1,"minecraft:nether_wart":10,"minecraft:magma_block":5,"minecraft:iron_ore":94,"minecraft:fire":27,"minecraft:cave_vines":35,"minecraft:dirt_path":3,"minecraft:cut_sandstone":3,"minecraft:jungle_door":1,"minecraft:blackstone":2,"minecraft:kelp_plant":7,"minecraft:clay":1,"minecraft:torch":2,"minecraft:poppy":3,"minecraft:melon":16,"minecraft:cobblestone":24,"minecraft:sugar_cane":1,"minecraft:oak_planks":21,"minecraft:wall_torch":3,"minecraft:birch_log":1,"minecraft:wheat":1,"minecraft:stone_brick_stairs":1,"minecraft:smooth_stone_slab":3,"minecraft:grass":36,"minecraft:oak_log":143,"minecraft:acacia_fence":1,"minecraft:sand":52,"minecraft:dirt":27,"minecraft:netherrack":238,"minecraft:oak_leaves":200,"minecraft:deepslate":5,"minecraft:mossy_cobblestone":1,"minecraft:glow_lichen":1,"minecraft:ladder":1,"minecraft:nether_bricks":4,"minecraft:jungle_planks":14,"alexsmobs:leafcutter_ant_chamber":2,"minecraft:kelp":12,"minecraft:sandstone":10,"minecraft:spore_blossom":1,"minecraft:furnace":3,"minecraft:andesite":6,"minecraft:nether_brick_fence":2,"minecraft:mossy_stone_brick_stairs":2,"minecraft:deepslate_iron_ore":9,"minecraft:vine":4,"minecraft:stripped_oak_log":1,"minecraft:stone":44,"minecraft:white_wool":10,"minecraft:acacia_leaves":4,"minecraft:flowering_azalea":1,"minecraft:soul_sand":2,"minecraft:basalt":67,"minecraft:stone_brick_slab":2,"minecraft:crafting_table":12,"minecraft:emerald_ore":2,"minecraft:tall_grass":3,"minecraft:lapis_ore":6,"minecraft:warped_wart_block":1,"minecraft:coarse_dirt":1,"minecraft:yellow_bed":1,"minecraft:coal_ore":44,"minecraft:acacia_door":55,"minecraft:cobweb":19,"minecraft:cracked_stone_bricks":4,"minecraft:acacia_planks":75,"minecraft:stone_bricks":2,"minecraft:small_dripleaf":1,"minecraft:mossy_stone_bricks":2},"minecraft:picked_up":{"minecraft:iron_chestplate":5,"minecraft:wheat":23,"minecraft:nether_brick_fence":2,"minecraft:diamond_sword":3,"minecraft:potion":2,"minecraft:enchanted_book":1,"minecraft:stone_brick_stairs":3,"minecraft:string":75,"minecraft:cooked_salmon":16,"minecraft:smooth_stone_slab":6,"minecraft:iron_leggings":3,"minecraft:pufferfish":2,"alexsmobs:dropbear_claw":4,"alexsmobs:blood_sac":1,"minecraft:cobbled_deepslate":4,"minecraft:bucket":1,"minecraft:red_dye":1,"minecraft:iron_pickaxe":6,"alexsmobs:raccoon_tail":1,"minecraft:melon_slice":171,"minecraft:iron_boots":7,"minecraft:furnace":4,"minecraft:golden_helmet":1,"artifacts:universal_attractor":2,"minecraft:stick":50,"minecraft:jungle_door":7,"minecraft:acacia_fence":1,"minecraft:torch":66,"minecraft:acacia_log":67,"minecraft:porkchop":25,"travelersbackpack:iron":2,"minecraft:rotten_flesh":78,"minecraft:tropical_fish":2,"artifacts:panic_necklace":2,"minecraft:blaze_rod":3,"minecraft:cod":4,"minecraft:blaze_powder":6,"minecraft:cobblestone":81,"minecraft:birch_log":1,"minecraft:magma_block":10,"minecraft:feather":8,"minecraft:andesite":9,"minecraft:jungle_log":21,"minecraft:potato":1,"minecraft:flint":2,"minecraft:lapis_lazuli":98,"minecraft:dirt":197,"minecraft:name_tag":1,"minecraft:leather_boots":2,"minecraft:bone":68,"minecraft:acacia_planks":97,"minecraft:bow":6,"minecraft:wheat_seeds":90,"minecraft:oak_planks":324,"minecraft:mossy_stone_brick_stairs":2,"minecraft:cooked_porkchop":130,"minecraft:warped_wart_block":2,"minecraft:jungle_planks":97,"minecraft:sand":79,"minecraft:ink_sac":3,"minecraft:mossy_cobblestone":2,"alexsmobs:animal_dictionary":1,"minecraft:clay":1,"minecraft:diamond":12,"improvableskills:skills_book":1,"minecraft:granite":4,"minecraft:bone_meal":1,"minecraft:golden_apple":7,"minecraft:emerald":7,"minecraft:bread":146,"alexsmobs:maggot":3,"minecraft:oak_sapling":35,"minecraft:netherrack":388,"minecraft:crimson_roots":2,"minecraft:fishing_rod":2,"minecraft:coarse_dirt":3,"minecraft:crafting_table":17,"minecraft:nether_wart":13,"minecraft:chicken":9,"minecraft:ladder":1,"minecraft:clay_ball":4,"minecraft:golden_pickaxe":1,"minecraft:wooden_pickaxe":1,"minecraft:diamond_horse_armor":1,"minecraft:shield":4,"minecraft:moss_carpet":2,"minecraft:iron_axe":7,"minecraft:acacia_door":66,"minecraft:flint_and_steel":3,"artifacts:fire_gauntlet":2,"minecraft:blackstone":4,"minecraft:cracked_stone_bricks":2,"improvableskills:scroll_normal":4,"minecraft:beef":24,"minecraft:oak_boat":6,"minecraft:jungle_sapling":6,"minecraft:poppy":4,"minecraft:sugar_cane":2,"minecraft:phantom_membrane":2,"minecraft:egg":5,"minecraft:raw_iron":155,"minecraft:sandstone":14,"alexsmobs:straddlite":3,"minecraft:carrot":19,"alexsmobs:leafcutter_ant_pupa":3,"minecraft:prismarine_crystals":4,"minecraft:arrow":58,"minecraft:nether_bricks":4,"minecraft:hay_block":19,"minecraft:saddle":2,"minecraft:gold_ingot":2,"minecraft:glow_berries":50,"minecraft:mutton":49,"minecraft:white_wool":27,"minecraft:stripped_oak_log":1,"minecraft:basalt":98,"artifacts:digging_claws":2,"minecraft:salmon":1,"minecraft:cut_sandstone":3,"minecraft:leather":5,"alexsmobs:acacia_blossom":1,"minecraft:filled_map":3,"alexsmobs:cachalot_whale_tooth":2,"minecraft:crimson_fungus":1,"minecraft:oak_log":178,"minecraft:golden_boots":2,"minecraft:yellow_bed":1,"minecraft:gunpowder":3,"minecraft:white_banner":1,"minecraft:cooked_mutton":1,"minecraft:apple":3,"minecraft:stone_bricks":2,"minecraft:kelp":73,"minecraft:spore_blossom":2,"minecraft:heart_of_the_sea":1,"minecraft:iron_ingot":55,"minecraft:stone_pickaxe":2,"minecraft:glass_bottle":1,"minecraft:soul_sand":12,"minecraft:flowering_azalea":2,"minecraft:iron_sword":11,"minecraft:acacia_sapling":4,"minecraft:warped_fungus":1,"minecraft:stone_brick_slab":6,"minecraft:dandelion":1,"minecraft:white_bed":11,"minecraft:mossy_stone_brick_slab":6,"minecraft:spider_eye":10,"minecraft:leather_helmet":1,"travelersbackpack:standard":1,"minecraft:stone_axe":1,"minecraft:iron_helmet":2,"minecraft:diamond_axe":1,"minecraft:gray_wool":1,"minecraft:warped_roots":2,"minecraft:black_wool":1,"minecraft:melon_seeds":7,"minecraft:coal":175,"minecraft:ender_pearl":4},"minecraft:custom":{"minecraft:interact_with_crafting_table":70,"minecraft:open_barrel":2,"minecraft:eat_cake_slice":1,"minecraft:leave_game":13,"minecraft:time_since_death":2168,"minecraft:sprint_one_cm":1806782,"minecraft:damage_blocked_by_shield":800,"minecraft:drop":232,"minecraft:talked_to_villager":128,"minecraft:play_time":803984,"minecraft:deaths":11,"minecraft:jump":15243,"minecraft:walk_on_water_one_cm":139311,"minecraft:interact_with_furnace":72,"minecraft:sleep_in_bed":22,"minecraft:damage_dealt":52268,"minecraft:crouch_one_cm":150869,"minecraft:interact_with_smoker":1,"minecraft:horse_one_cm":4377820,"minecraft:interact_with_smithing_table":1,"minecraft:interact_with_anvil":3,"minecraft:mob_kills":310,"minecraft:climb_one_cm":45409,"minecraft:walk_one_cm":1891172,"minecraft:sneak_time":48342,"minecraft:walk_under_water_one_cm":232447,"minecraft:boat_one_cm":278414,"minecraft:total_world_time":803984,"minecraft:time_since_rest":2261,"minecraft:damage_taken":15401,"minecraft:swim_one_cm":429533,"minecraft:fly_one_cm":2416279,"minecraft:open_chest":203,"minecraft:fish_caught":6,"minecraft:fall_one_cm":379522},"minecraft:killed_by":{"minecraft:creeper":2,"alexsmobs:cachalot_whale":1,"minecraft:zombie":1},"minecraft:dropped":{"minecraft:iron_sword":4,"minecraft:oak_log":90,"minecraft:spore_blossom":1,"minecraft:cooked_porkchop":14,"minecraft:mossy_stone_brick_stairs":1,"minecraft:jungle_planks":2,"irons_spellbooks:arcane_essence":1,"minecraft:iron_pickaxe":2,"alexsmobs:raccoon_tail":1,"minecraft:white_wool":12,"minecraft:gold_ingot":4,"minecraft:bone":1,"minecraft:stone_axe":1,"minecraft:wheat":4,"minecraft:obsidian":1,"minecraft:rotten_flesh":8,"minecraft:oak_planks":518,"minecraft:mossy_stone_brick_slab":6,"minecraft:cooked_mutton":18,"minecraft:white_bed":1,"alexsmobs:leafcutter_ant_pupa":2,"minecraft:poppy":1,"alexsmobs:blood_sac":1,"minecraft:melon_seeds":2,"minecraft:basalt":25,"minecraft:arrow":4,"minecraft:beef":1,"minecraft:warped_wart_block":2,"minecraft:stone_brick_stairs":3,"minecraft:acacia_fence":1,"minecraft:netherrack":3,"minecraft:egg":2,"minecraft:iron_ingot":43,"minecraft:bread":30,"minecraft:wheat_seeds":24,"minecraft:iron_helmet":1,"minecraft:cobblestone":5,"minecraft:prismarine_crystals":4,"minecraft:granite":1,"minecraft:coal":20,"minecraft:golden_apple":3,"minecraft:pufferfish":2,"minecraft:gray_wool":1,"minecraft:torch":1,"minecraft:melon_slice":23,"minecraft:iron_leggings":1,"minecraft:iron_axe":2,"minecraft:string":10,"minecraft:bucket":1,"minecraft:acacia_planks":3,"minecraft:stone_brick_slab":6,"minecraft:kelp":73,"alexsmobs:maggot":2,"minecraft:smooth_stone_slab":3,"minecraft:iron_boots":2,"minecraft:stripped_oak_log":1,"minecraft:filled_map":2,"minecraft:diamond_sword":1,"minecraft:potato":1,"minecraft:hay_block":1,"minecraft:oak_sapling":1,"minecraft:stone_bricks":2,"minecraft:spider_eye":1,"minecraft:sandstone":1,"minecraft:bow":1,"minecraft:stone_pickaxe":1,"minecraft:magma_block":3},"minecraft:killed":{"minecraft:cave_spider":7,"minecraft:zombified_piglin":1,"minecraft:spider":27,"minecraft:skeleton":56,"alexsmobs:leafcutter_ant":2,"minecraft:chicken":7,"alexsmobs:straddler":4,"minecraft:turtle":1,"minecraft:magma_cube":12,"minecraft:pig":11,"minecraft:zombie_villager":2,"minecraft:iron_golem":1,"alexsmobs:stradpole":5,"irons_spellbooks:necromancer":2,"minecraft:creeper":9,"alexsmobs:crimson_mosquito":2,"minecraft:sheep":13,"minecraft:pillager":3,"minecraft:zombie":101,"alexsmobs:fly":3,"minecraft:cow":3,"minecraft:blaze":8,"alexsmobs:dropbear":2,"alexsmobs:raccoon":2,"alexsmobs:seagull":1,"minecraft:phantom":1,"alexsmobs:gorilla":2,"minecraft:horse":1,"minecraft:drowned":3,"alexsmobs:bison":4,"alexsmobs:rhinoceros":1,"alexsmobs:cockroach":1,"alexsmobs:gazelle":1,"alexsmobs:crow":1,"minecraft:wither_skeleton":4,"minecraft:enderman":5},"minecraft:broken":{"minecraft:golden_boots":1,"minecraft:iron_leggings":1,"minecraft:iron_sword":1,"minecraft:leather_helmet":1,"minecraft:iron_pickaxe":1,"minecraft:iron_helmet":1}},"DataVersion":3120}