{"stats":{"minecraft:used":{"alexsmobs:spawn_egg_skunk":1,"minecraft:ladder":4,"minecraft:diamond_hoe":15,"minecraft:chest":2,"minecraft:shield":29,"minecraft:iron_sword":482,"minecraft:rotten_flesh":2,"minecraft:iron_chestplate":4,"minecraft:mutton":8,"minecraft:soul_sand":4,"minecraft:jungle_planks":89,"minecraft:carrot":30,"travelersbackpack:iron":7,"minecraft:azure_bluet":1,"minecraft:music_disc_pigstep":2,"minecraft:iron_helmet":5,"minecraft:bow":96,"minecraft:oak_sapling":13,"minecraft:furnace":2,"minecraft:egg":2,"minecraft:golden_boots":1,"minecraft:diorite":2,"minecraft:stone_pickaxe":50,"minecraft:oak_planks":191,"minecraft:wooden_pickaxe":11,"minecraft:sandstone":13,"minecraft:diamond_axe":19,"minecraft:white_wool":7,"minecraft:glow_berries":99,"minecraft:sand":22,"alexsmobs:spawn_egg_rocky_roller":1,"minecraft:acacia_door":59,"minecraft:melon_slice":109,"minecraft:bread":143,"minecraft:diamond_sword":394,"minecraft:andesite":3,"minecraft:oak_boat":5,"minecraft:coarse_dirt":3,"minecraft:bone_meal":54,"minecraft:golden_pickaxe":32,"minecraft:experience_bottle":141,"minecraft:netherite_sword":1,"minecraft:acacia_log":6,"minecraft:flint_and_steel":2,"minecraft:cracked_deepslate_bricks":1,"minecraft:tropical_fish":2,"minecraft:cooked_salmon":10,"alexsmobs:spawn_egg_cockroach":8,"minecraft:cooked_chicken":4,"minecraft:netherrack":97,"minecraft:torch":58,"minecraft:dirt":163,"alexsmobs:maraca":56,"minecraft:anvil":1,"minecraft:granite":2,"minecraft:dark_oak_planks":5,"minecraft:wooden_axe":13,"alexsmobs:maggot":1,"minecraft:iron_axe":390,"minecraft:iron_boots":5,"minecraft:basalt":67,"minecraft:soul_soil":35,"alexsmobs:spawn_egg_shoebill":1,"minecraft:cooked_beef":5,"minecraft:cobbled_deepslate":4,"minecraft:acacia_planks":258,"minecraft:iron_leggings":4,"minecraft:cooked_mutton":9,"minecraft:deepslate_bricks":6,"minecraft:polished_blackstone_bricks":2,"minecraft:salmon":1,"minecraft:music_disc_cat":1,"minecraft:crafting_table":18,"minecraft:white_bed":10,"minecraft:cod":1,"alexsmobs:leafcutter_ant_pupa":1,"irons_spellbooks:alchemist_cauldron":1,"alexsmobs:spawn_egg_murmur":1,"minecraft:iron_pickaxe":318,"minecraft:stone_axe":43,"irons_spellbooks:scroll_forge":1,"minecraft:fishing_rod":34,"minecraft:cobblestone":71,"minecraft:porkchop":2,"minecraft:white_banner":1,"minecraft:jungle_door":2,"minecraft:cooked_porkchop":71,"minecraft:yellow_bed":1,"alexsmobs:animal_dictionary":1,"minecraft:soul_torch":9},"minecraft:crafted":{"minecraft:oak_planks":564,"travelersbackpack:iron":1,"minecraft:cooked_chicken":4,"minecraft:blaze_powder":18,"minecraft:cooked_mutton":27,"minecraft:iron_boots":1,"minecraft:chest":2,"minecraft:cooked_porkchop":11,"minecraft:crafting_table":7,"minecraft:wooden_pickaxe":1,"minecraft:iron_helmet":2,"minecraft:birch_planks":4,"minecraft:iron_chestplate":1,"minecraft:paper":3,"minecraft:shield":1,"minecraft:stick":56,"minecraft:iron_ingot":96,"minecraft:iron_pickaxe":1,"minecraft:iron_block":3,"minecraft:acacia_door":9,"minecraft:bone_meal":60,"irons_spellbooks:scroll_forge":1,"minecraft:polished_deepslate":12,"minecraft:iron_axe":2,"minecraft:ladder":3,"minecraft:stone_pickaxe":2,"minecraft:dark_oak_planks":12,"minecraft:wheat":82,"minecraft:cooked_beef":5,"minecraft:red_dye":3,"minecraft:iron_sword":3,"minecraft:stone_axe":1,"minecraft:air":0,"minecraft:bread":21,"minecraft:jungle_planks":132,"minecraft:oak_boat":2,"minecraft:jungle_door":3,"minecraft:wooden_axe":1,"minecraft:iron_leggings":1,"minecraft:anvil":1,"minecraft:white_bed":2,"minecraft:acacia_planks":244,"minecraft:torch":60},"minecraft:mined":{"minecraft:white_bed":7,"minecraft:oak_sapling":1,"minecraft:mossy_stone_brick_slab":2,"minecraft:sculk_vein":2,"minecraft:jungle_leaves":15,"minecraft:brewing_stand":1,"minecraft:cave_vines_plant":17,"minecraft:granite":4,"minecraft:acacia_log":68,"minecraft:grass_block":22,"minecraft:jungle_log":20,"minecraft:deepslate_bricks":6,"minecraft:soul_soil":5,"travelersbackpack:iron":4,"minecraft:crimson_fungus":1,"minecraft:nether_wart":10,"minecraft:spawner":1,"minecraft:polished_blackstone_bricks":2,"minecraft:magma_block":5,"minecraft:sculk_catalyst":8,"minecraft:iron_ore":94,"minecraft:fire":44,"minecraft:sculk_shrieker":15,"minecraft:cave_vines":35,"minecraft:dirt_path":3,"minecraft:deepslate_brick_stairs":1,"minecraft:cut_sandstone":3,"minecraft:brown_mushroom":1,"minecraft:jungle_door":1,"minecraft:blackstone":2,"minecraft:kelp_plant":7,"irons_spellbooks:alchemist_cauldron":1,"minecraft:crimson_nylium":2,"minecraft:clay":1,"minecraft:torch":2,"minecraft:poppy":3,"minecraft:melon":16,"minecraft:cobblestone":24,"minecraft:oak_planks":21,"minecraft:sugar_cane":1,"minecraft:wall_torch":3,"minecraft:birch_log":1,"minecraft:wheat":1,"minecraft:smooth_stone_slab":3,"minecraft:stone_brick_stairs":1,"minecraft:grass":42,"minecraft:oak_log":143,"minecraft:acacia_fence":1,"minecraft:sand":52,"minecraft:dirt":33,"minecraft:netherrack":260,"minecraft:oak_leaves":201,"minecraft:deepslate":19,"minecraft:mossy_cobblestone":1,"minecraft:dark_oak_log":3,"minecraft:nether_bricks":4,"minecraft:glow_lichen":1,"minecraft:ladder":1,"minecraft:jungle_planks":14,"alexsmobs:leafcutter_ant_chamber":2,"minecraft:kelp":12,"minecraft:sandstone":10,"minecraft:spore_blossom":1,"minecraft:deepslate_brick_slab":2,"minecraft:furnace":3,"minecraft:polished_basalt":1,"minecraft:andesite":6,"minecraft:nether_brick_fence":2,"minecraft:mossy_stone_brick_stairs":2,"minecraft:deepslate_iron_ore":9,"minecraft:vine":4,"minecraft:stripped_oak_log":1,"minecraft:stone":116,"minecraft:white_wool":10,"minecraft:acacia_leaves":4,"minecraft:flowering_azalea":1,"minecraft:soul_sand":5,"minecraft:soul_torch":4,"minecraft:basalt":68,"minecraft:stone_brick_slab":2,"minecraft:crafting_table":13,"minecraft:emerald_ore":2,"minecraft:sculk_sensor":59,"minecraft:tall_grass":4,"minecraft:lapis_ore":6,"minecraft:cracked_deepslate_bricks":4,"minecraft:sculk":20,"minecraft:diorite":4,"minecraft:warped_wart_block":1,"minecraft:coarse_dirt":1,"minecraft:yellow_bed":1,"minecraft:coal_ore":46,"minecraft:acacia_door":55,"minecraft:cobweb":19,"minecraft:cracked_stone_bricks":4,"minecraft:acacia_planks":75,"minecraft:stone_bricks":2,"minecraft:small_dripleaf":1,"minecraft:mossy_stone_bricks":2},"minecraft:picked_up":{"irons_spellbooks:scroll":2,"minecraft:iron_chestplate":7,"alexsmobs:maraca":2,"minecraft:wheat":23,"minecraft:nether_brick_fence":2,"minecraft:diamond_sword":7,"minecraft:potion":2,"minecraft:enchanted_book":1,"minecraft:stone_brick_stairs":3,"alexsmobs:gazelle_horn":1,"irons_spellbooks:cast_time_ring":1,"minecraft:music_disc_cat":2,"alexsmobs:blood_sprayer":2,"minecraft:string":80,"minecraft:soul_soil":94,"minecraft:cooked_salmon":19,"minecraft:smooth_stone_slab":6,"minecraft:iron_leggings":3,"minecraft:pufferfish":4,"alexsmobs:dropbear_claw":5,"alexsmobs:blood_sac":1,"minecraft:gold_nugget":1,"minecraft:cobbled_deepslate":16,"minecraft:bucket":1,"minecraft:red_dye":1,"minecraft:iron_pickaxe":7,"irons_spellbooks:blank_rune":2,"alexsmobs:raccoon_tail":1,"minecraft:melon_slice":171,"minecraft:iron_boots":9,"minecraft:furnace":4,"minecraft:golden_helmet":2,"minecraft:stick":50,"artifacts:universal_attractor":5,"minecraft:jungle_door":7,"minecraft:acacia_fence":1,"minecraft:torch":66,"minecraft:acacia_log":67,"minecraft:porkchop":26,"minecraft:golden_axe":2,"minecraft:diorite":2,"minecraft:music_disc_pigstep":2,"travelersbackpack:iron":6,"minecraft:rotten_flesh":91,"minecraft:tropical_fish":2,"minecraft:polished_basalt":2,"artifacts:panic_necklace":5,"minecraft:blaze_rod":3,"minecraft:deepslate_brick_stairs":1,"irons_spellbooks:cooldown_ring":1,"minecraft:cod":10,"minecraft:blaze_powder":6,"minecraft:cobblestone":156,"minecraft:nautilus_shell":1,"minecraft:birch_log":1,"minecraft:magma_block":10,"minecraft:feather":8,"minecraft:cooked_beef":24,"minecraft:jungle_log":21,"minecraft:andesite":9,"minecraft:golden_leggings":2,"minecraft:potato":1,"minecraft:flint":2,"alexsmobs:rocky_shell":1,"minecraft:lapis_lazuli":98,"minecraft:dirt":358,"minecraft:name_tag":1,"minecraft:leather_boots":2,"irons_spellbooks:hogskin":2,"minecraft:bone":88,"minecraft:acacia_planks":97,"minecraft:bow":9,"minecraft:wheat_seeds":91,"minecraft:deepslate_brick_slab":2,"minecraft:oak_planks":324,"minecraft:mossy_stone_brick_stairs":2,"minecraft:cooked_porkchop":137,"minecraft:warped_wart_block":2,"minecraft:sand":79,"minecraft:jungle_planks":97,"minecraft:ink_sac":3,"minecraft:dark_oak_log":3,"alexsmobs:animal_dictionary":1,"minecraft:mossy_cobblestone":2,"minecraft:clay":1,"minecraft:diamond":12,"improvableskills:skills_book":1,"minecraft:granite":4,"minecraft:bone_meal":1,"minecraft:golden_apple":9,"minecraft:emerald":7,"minecraft:bread":275,"alexsmobs:maggot":4,"minecraft:oak_sapling":35,"minecraft:netherrack":556,"minecraft:crimson_roots":3,"minecraft:crafting_table":19,"minecraft:fishing_rod":4,"minecraft:coarse_dirt":3,"minecraft:azure_bluet":1,"minecraft:chicken":9,"minecraft:ladder":1,"minecraft:nether_wart":13,"minecraft:clay_ball":4,"minecraft:golden_pickaxe":1,"minecraft:brown_mushroom":1,"minecraft:wooden_pickaxe":1,"minecraft:gold_block":8,"minecraft:diamond_horse_armor":1,"minecraft:shield":5,"minecraft:moss_carpet":2,"minecraft:iron_axe":8,"minecraft:acacia_door":66,"minecraft:flint_and_steel":4,"minecraft:compass":1,"artifacts:fire_gauntlet":6,"minecraft:blackstone":6,"minecraft:cracked_stone_bricks":2,"improvableskills:scroll_normal":4,"minecraft:beef":24,"minecraft:oak_boat":8,"minecraft:jungle_sapling":6,"minecraft:poppy":4,"minecraft:sugar_cane":2,"minecraft:phantom_membrane":3,"minecraft:egg":6,"minecraft:raw_iron":155,"minecraft:sandstone":14,"alexsmobs:straddlite":3,"minecraft:polished_blackstone_bricks":5,"minecraft:carrot":19,"alexsmobs:leafcutter_ant_pupa":3,"minecraft:prismarine_crystals":4,"irons_spellbooks:alchemist_cauldron":1,"irons_spellbooks:gold_spell_book":1,"minecraft:arrow":72,"minecraft:nether_bricks":4,"minecraft:deepslate_bricks":6,"minecraft:hay_block":19,"minecraft:cracked_deepslate_bricks":4,"minecraft:saddle":3,"minecraft:gold_ingot":2,"minecraft:glow_berries":50,"minecraft:mutton":49,"minecraft:white_wool":27,"minecraft:stripped_oak_log":1,"minecraft:basalt":107,"artifacts:eternal_steak":1,"artifacts:digging_claws":6,"minecraft:salmon":3,"minecraft:cut_sandstone":3,"minecraft:leather":7,"alexsmobs:acacia_blossom":1,"minecraft:filled_map":3,"alexsmobs:cachalot_whale_tooth":2,"minecraft:crimson_fungus":1,"minecraft:oak_log":178,"minecraft:golden_boots":3,"minecraft:yellow_bed":1,"minecraft:gunpowder":5,"minecraft:white_banner":1,"minecraft:cooked_mutton":2,"minecraft:apple":3,"minecraft:stone_bricks":2,"minecraft:kelp":73,"alexsmobs:cockroach_wing_fragment":1,"minecraft:spore_blossom":2,"minecraft:heart_of_the_sea":1,"minecraft:iron_ingot":89,"minecraft:stone_pickaxe":2,"minecraft:glass_bottle":1,"minecraft:iron_sword":14,"minecraft:flowering_azalea":2,"minecraft:acacia_sapling":4,"minecraft:soul_sand":38,"minecraft:warped_fungus":1,"minecraft:stone_brick_slab":6,"minecraft:dandelion":1,"minecraft:soul_torch":4,"minecraft:white_bed":11,"minecraft:crying_obsidian":4,"minecraft:mossy_stone_brick_slab":6,"minecraft:spider_eye":14,"minecraft:leather_helmet":1,"artifacts:helium_flamingo":1,"travelersbackpack:standard":1,"minecraft:stone_axe":1,"minecraft:iron_helmet":2,"minecraft:diamond_axe":1,"minecraft:gray_wool":1,"minecraft:warped_roots":2,"minecraft:lodestone":2,"minecraft:melon_seeds":7,"minecraft:black_wool":1,"minecraft:coal":181,"minecraft:ender_pearl":4},"minecraft:custom":{"minecraft:interact_with_crafting_table":80,"minecraft:open_barrel":11,"minecraft:eat_cake_slice":4,"minecraft:leave_game":25,"minecraft:time_since_death":137658,"minecraft:sprint_one_cm":2383817,"minecraft:damage_blocked_by_shield":800,"minecraft:drop":310,"minecraft:talked_to_villager":133,"minecraft:play_time":1186975,"minecraft:deaths":16,"minecraft:jump":20629,"minecraft:walk_on_water_one_cm":151044,"minecraft:interact_with_furnace":76,"minecraft:play_record":3,"minecraft:sleep_in_bed":24,"minecraft:damage_dealt":61440,"minecraft:player_kills":2,"minecraft:crouch_one_cm":331147,"minecraft:interact_with_smoker":2,"minecraft:horse_one_cm":4377820,"minecraft:interact_with_smithing_table":3,"minecraft:interact_with_anvil":6,"minecraft:mob_kills":386,"minecraft:climb_one_cm":48084,"minecraft:walk_one_cm":2794136,"minecraft:damage_dealt_absorbed":200,"minecraft:sneak_time":97605,"minecraft:walk_under_water_one_cm":385263,"minecraft:boat_one_cm":278414,"minecraft:total_world_time":1186975,"minecraft:time_since_rest":57072,"minecraft:damage_absorbed":463,"minecraft:damage_taken":20621,"minecraft:swim_one_cm":1034101,"minecraft:fly_one_cm":3512814,"minecraft:open_chest":351,"minecraft:fish_caught":16,"minecraft:fall_one_cm":481237},"minecraft:killed_by":{"minecraft:piglin_brute":1,"minecraft:creeper":2,"alexsmobs:straddler":1,"alexsmobs:cachalot_whale":1,"minecraft:zombie":1},"minecraft:dropped":{"minecraft:iron_sword":4,"minecraft:diamond_axe":1,"minecraft:oak_log":90,"minecraft:spore_blossom":1,"minecraft:crafting_table":1,"minecraft:cooked_porkchop":14,"alexsmobs:rocky_shell":1,"minecraft:mossy_stone_brick_stairs":1,"minecraft:jungle_planks":2,"artifacts:universal_attractor":1,"minecraft:cod":1,"minecraft:gold_block":4,"minecraft:dirt":129,"irons_spellbooks:hogskin":8,"irons_spellbooks:cinder_essence":1,"irons_spellbooks:arcane_essence":1,"minecraft:gold_nugget":1,"irons_spellbooks:gold_spell_book":1,"minecraft:iron_pickaxe":2,"minecraft:fishing_rod":1,"alexsmobs:raccoon_tail":1,"minecraft:white_wool":12,"minecraft:gold_ingot":4,"minecraft:bone":1,"minecraft:stone_axe":1,"minecraft:compass":1,"minecraft:netherite_sword":1,"minecraft:wheat":4,"minecraft:obsidian":1,"minecraft:rotten_flesh":11,"minecraft:oak_planks":518,"minecraft:mossy_stone_brick_slab":6,"minecraft:cooked_mutton":18,"minecraft:white_bed":1,"travelersbackpack:iron":1,"alexsmobs:leafcutter_ant_pupa":2,"minecraft:poppy":1,"alexsmobs:blood_sac":1,"minecraft:gunpowder":1,"artifacts:helium_flamingo":3,"alexsmobs:spawn_egg_rocky_roller":2,"minecraft:melon_seeds":2,"irons_spellbooks:cooldown_ring":1,"artifacts:panic_necklace":1,"alexsmobs:blood_sprayer":2,"minecraft:basalt":25,"minecraft:arrow":4,"minecraft:beef":1,"minecraft:warped_wart_block":2,"minecraft:stone_brick_stairs":3,"minecraft:acacia_fence":1,"minecraft:netherrack":3,"minecraft:egg":2,"minecraft:bread":160,"minecraft:golden_boots":1,"minecraft:iron_ingot":43,"minecraft:wheat_seeds":24,"minecraft:cobblestone":5,"minecraft:iron_helmet":4,"minecraft:golden_axe":1,"minecraft:prismarine_crystals":4,"minecraft:granite":1,"minecraft:chainmail_helmet":1,"irons_spellbooks:ancient_knowledge_fragment":3,"minecraft:coal":20,"minecraft:golden_apple":3,"alexsmobs:maraca":1,"minecraft:pufferfish":2,"irons_spellbooks:scroll":1,"minecraft:gray_wool":1,"minecraft:torch":1,"minecraft:melon_slice":23,"minecraft:iron_leggings":3,"minecraft:iron_axe":2,"minecraft:string":25,"minecraft:bucket":1,"minecraft:acacia_planks":3,"artifacts:digging_claws":3,"minecraft:stone_brick_slab":6,"minecraft:kelp":73,"alexsmobs:maggot":2,"minecraft:smooth_stone_slab":3,"minecraft:iron_boots":3,"minecraft:stripped_oak_log":1,"minecraft:filled_map":2,"minecraft:diamond_sword":3,"alexsmobs:spawn_egg_shoebill":1,"minecraft:potato":1,"minecraft:hay_block":1,"minecraft:iron_chestplate":2,"minecraft:oak_sapling":1,"artifacts:eternal_steak":1,"minecraft:spider_eye":4,"minecraft:stone_bricks":2,"minecraft:sandstone":1,"minecraft:bow":1,"minecraft:stone_pickaxe":1,"minecraft:magma_block":3,"artifacts:fire_gauntlet":3},"minecraft:killed":{"minecraft:cave_spider":7,"minecraft:zombified_piglin":2,"minecraft:spider":35,"alexsmobs:murmur":1,"minecraft:skeleton":67,"alexsmobs:leafcutter_ant":2,"minecraft:chicken":8,"alexsmobs:straddler":4,"minecraft:turtle":1,"minecraft:piglin_brute":3,"irons_spellbooks:spectral_steed":1,"minecraft:magma_cube":20,"minecraft:pig":12,"minecraft:zombie_villager":2,"minecraft:iron_golem":1,"alexsmobs:stradpole":6,"irons_spellbooks:necromancer":2,"minecraft:creeper":13,"alexsmobs:crimson_mosquito":6,"minecraft:sheep":14,"minecraft:pillager":3,"minecraft:zombie":113,"alexsmobs:fly":3,"minecraft:blaze":8,"minecraft:cow":3,"alexsmobs:dropbear":2,"alexsmobs:raccoon":2,"alexsmobs:seagull":1,"minecraft:phantom":3,"alexsmobs:gorilla":2,"minecraft:horse":1,"alexsmobs:bison":4,"minecraft:drowned":3,"alexsmobs:rocky_roller":1,"alexsmobs:rhinoceros":1,"minecraft:hoglin":1,"alexsmobs:cockroach":7,"alexsmobs:gazelle":2,"alexsmobs:crow":1,"minecraft:wither_skeleton":4,"minecraft:enderman":6},"minecraft:broken":{"minecraft:golden_boots":1,"minecraft:iron_leggings":1,"minecraft:iron_sword":1,"minecraft:leather_helmet":1,"minecraft:iron_pickaxe":1,"minecraft:iron_helmet":1,"minecraft:golden_pickaxe":1}},"DataVersion":3120}