{"stats":{"minecraft:custom":{"minecraft:interact_with_crafting_table":172,"minecraft:open_barrel":83,"minecraft:eat_cake_slice":2,"minecraft:leave_game":12,"minecraft:time_since_death":250079,"minecraft:sprint_one_cm":2242866,"minecraft:damage_blocked_by_shield":5460,"minecraft:drop":264,"minecraft:talked_to_villager":52,"minecraft:play_time":1434656,"minecraft:deaths":15,"minecraft:jump":18097,"minecraft:walk_on_water_one_cm":191100,"minecraft:interact_with_furnace":177,"minecraft:play_record":2,"minecraft:traded_with_villager":2,"minecraft:interact_with_cartography_table":2,"minecraft:sleep_in_bed":16,"minecraft:damage_dealt":118924,"minecraft:player_kills":4,"minecraft:crouch_one_cm":207948,"minecraft:interact_with_smoker":7,"minecraft:horse_one_cm":3892647,"minecraft:interact_with_smithing_table":12,"minecraft:interact_with_anvil":7,"minecraft:mob_kills":704,"minecraft:climb_one_cm":52439,"minecraft:walk_one_cm":3116078,"minecraft:sneak_time":71568,"minecraft:walk_under_water_one_cm":627535,"minecraft:boat_one_cm":105739,"minecraft:interact_with_blast_furnace":19,"minecraft:total_world_time":1434656,"minecraft:time_since_rest":21637,"minecraft:damage_taken":28131,"minecraft:damage_absorbed":936,"minecraft:trigger_trapped_chest":2,"minecraft:swim_one_cm":2582198,"minecraft:fly_one_cm":3156919,"minecraft:open_chest":982,"minecraft:fall_one_cm":1597868},"minecraft:used":{"minecraft:moss_block":31,"minecraft:moss_carpet":8,"minecraft:iron_shovel":504,"minecraft:oak_sign":1,"minecraft:shield":135,"minecraft:poppy":3,"minecraft:diamond_hoe":80,"minecraft:chest":15,"minecraft:iron_sword":639,"minecraft:rotten_flesh":99,"minecraft:iron_chestplate":2,"minecraft:jungle_planks":16,"minecraft:carrot":13,"travelersbackpack:iron":14,"minecraft:obsidian":13,"minecraft:glass":52,"minecraft:lava_bucket":18,"minecraft:music_disc_pigstep":1,"minecraft:grass_block":2,"minecraft:iron_helmet":4,"minecraft:hay_block":37,"minecraft:oak_sapling":34,"minecraft:furnace":5,"minecraft:cooked_cod":7,"minecraft:gray_bed":1,"minecraft:acacia_fence":2,"minecraft:egg":7,"minecraft:oak_planks":658,"minecraft:stone_pickaxe":106,"minecraft:chiseled_polished_blackstone":2,"minecraft:diorite":3,"minecraft:stripped_birch_log":1,"minecraft:warped_fungus_on_a_stick":3,"minecraft:blackstone":1,"artifacts:eternal_steak":49,"minecraft:sandstone":39,"minecraft:wooden_pickaxe":57,"minecraft:mossy_stone_brick_stairs":1,"minecraft:sugar_cane":36,"minecraft:diamond_axe":240,"minecraft:glow_berries":62,"minecraft:golden_apple":4,"minecraft:sand":34,"minecraft:blast_furnace":1,"minecraft:acacia_door":1,"minecraft:melon_slice":182,"minecraft:bread":203,"minecraft:lectern":17,"minecraft:gravel":11,"minecraft:pufferfish":1,"minecraft:diamond_sword":774,"minecraft:smithing_table":1,"minecraft:andesite":1,"minecraft:birch_log":1,"minecraft:air":1,"alexsmobs:leafcutter_ant_chamber":1,"minecraft:oak_boat":5,"minecraft:bone_meal":3,"minecraft:experience_bottle":21,"minecraft:flint_and_steel":13,"minecraft:tropical_fish":7,"minecraft:cooked_salmon":1,"minecraft:netherrack":81,"minecraft:oak_door":5,"minecraft:orange_bed":2,"minecraft:torch":100,"minecraft:dirt":424,"minecraft:warped_wart_block":2,"alexsmobs:cooked_kangaroo_meat":3,"alexsmobs:maggot":3,"minecraft:flowering_azalea":1,"minecraft:iron_axe":475,"minecraft:acacia_slab":2,"minecraft:iron_boots":2,"minecraft:basalt":4,"artifacts:everlasting_beef":1,"alexsmobs:boiled_emu_egg":1,"minecraft:cooked_beef":11,"minecraft:cobbled_deepslate":7,"minecraft:iron_leggings":2,"minecraft:acacia_planks":1,"minecraft:wheat_seeds":1,"minecraft:cooked_mutton":21,"minecraft:water_bucket":76,"minecraft:glass_bottle":9,"minecraft:baked_potato":1,"minecraft:warped_roots":1,"minecraft:cracked_stone_bricks":1,"minecraft:mossy_cobblestone":1,"minecraft:rail":1,"minecraft:music_disc_cat":1,"minecraft:crafting_table":24,"minecraft:sculk_shrieker":1,"minecraft:white_bed":4,"minecraft:campfire":1,"alexsmobs:leafcutter_ant_pupa":1,"minecraft:cake":1,"irons_spellbooks:alchemist_cauldron":2,"minecraft:oak_log":35,"minecraft:black_wool":1,"minecraft:cornflower":3,"minecraft:diamond_pickaxe":67,"minecraft:iron_pickaxe":1068,"minecraft:stone_axe":107,"minecraft:cobblestone":131,"minecraft:potion":7,"travelersbackpack:standard":44,"minecraft:porkchop":1,"minecraft:white_banner":1,"minecraft:bucket":94,"minecraft:cooked_porkchop":24,"alexsmobs:animal_dictionary":3,"minecraft:dandelion":8,"minecraft:diamond_leggings":1,"minecraft:splash_potion":1,"minecraft:gray_wool":3,"minecraft:sculk_catalyst":1,"minecraft:jukebox":1,"irons_spellbooks:inscription_table":1},"minecraft:broken":{"minecraft:iron_shovel":2,"minecraft:golden_boots":2,"minecraft:iron_boots":1,"minecraft:iron_chestplate":1,"minecraft:stone_pickaxe":1,"minecraft:stone_axe":1,"minecraft:wooden_pickaxe":1,"minecraft:shield":2,"minecraft:iron_axe":1,"minecraft:iron_pickaxe":3,"minecraft:iron_helmet":1},"minecraft:crafted":{"minecraft:oak_planks":352,"travelersbackpack:iron":2,"minecraft:oak_sign":3,"minecraft:bookshelf":2,"irons_spellbooks:alchemist_cauldron":1,"minecraft:cooked_mutton":6,"minecraft:glass":91,"minecraft:iron_boots":6,"improvableskills:skills_book":2,"minecraft:chest":13,"alexsmobs:cooked_catfish":6,"minecraft:oak_fence":3,"minecraft:gray_bed":1,"minecraft:golden_boots":1,"minecraft:glass_bottle":3,"minecraft:oak_slab":12,"minecraft:deepslate":3,"minecraft:emerald":2,"minecraft:cauldron":1,"minecraft:cooked_porkchop":29,"minecraft:crafting_table":2,"minecraft:acacia_slab":6,"minecraft:wooden_pickaxe":1,"travelersbackpack:standard":2,"minecraft:iron_helmet":7,"minecraft:gold_block":42,"minecraft:campfire":1,"minecraft:lectern":2,"irons_spellbooks:archevoker_chestplate":1,"minecraft:iron_chestplate":7,"minecraft:book":1,"minecraft:paper":85,"minecraft:shield":3,"minecraft:stick":40,"minecraft:iron_ingot":280,"minecraft:iron_pickaxe":7,"minecraft:gold_ingot":460,"irons_spellbooks:mana_ring":1,"irons_spellbooks:magic_cloth":8,"irons_spellbooks:evocation_rune":1,"minecraft:shears":1,"irons_spellbooks:arcane_ingot":4,"artifacts:eternal_steak":1,"minecraft:oak_door":3,"irons_spellbooks:eldritch_manuscript":5,"minecraft:fishing_rod":1,"minecraft:furnace":3,"minecraft:bone_meal":3,"minecraft:flint_and_steel":2,"travelersbackpack:white_sleeping_bag":1,"minecraft:iron_axe":4,"travelersbackpack:light_gray_sleeping_bag":1,"minecraft:netherite_scrap":4,"alexsmobs:kangaroo_burger":2,"alexsmobs:blood_sprayer":2,"irons_spellbooks:gold_spell_book":2,"minecraft:wheat":1026,"minecraft:cooked_beef":55,"minecraft:red_dye":6,"travelersbackpack:backpack_tank":4,"irons_spellbooks:arcane_salvage":1,"alexsmobs:cooked_kangaroo_meat":3,"minecraft:iron_sword":4,"alexsmobs:boiled_emu_egg":1,"minecraft:cooked_salmon":14,"minecraft:bucket":4,"minecraft:stone_axe":1,"minecraft:bread":330,"minecraft:air":0,"minecraft:jungle_planks":24,"minecraft:oak_boat":1,"minecraft:golden_apple":7,"minecraft:warped_fungus_on_a_stick":1,"minecraft:raw_gold":63,"minecraft:iron_shovel":1,"minecraft:iron_leggings":5,"irons_spellbooks:inscription_table":1,"minecraft:acacia_planks":24,"minecraft:torch":76},"minecraft:killed":{"minecraft:cave_spider":14,"minecraft:zombified_piglin":2,"minecraft:witch":3,"minecraft:spider":16,"alexsmobs:shoebill":1,"minecraft:skeleton":75,"alexsmobs:leafcutter_ant":3,"alexsmobs:straddler":11,"alexsmobs:laviathan":1,"alexsmobs:centipede_head":1,"irons_spellbooks:summoned_skeleton":7,"minecraft:piglin_brute":7,"alexsmobs:kangaroo":3,"artifacts:mimic":11,"minecraft:magma_cube":49,"minecraft:piglin":32,"minecraft:pig":33,"minecraft:zombie_villager":3,"minecraft:iron_golem":3,"alexsmobs:stradpole":8,"irons_spellbooks:necromancer":11,"minecraft:strider":2,"minecraft:creeper":7,"alexsmobs:crimson_mosquito":21,"alexsmobs:warped_toad":2,"minecraft:sheep":20,"minecraft:zombie":121,"alexsmobs:terrapin":1,"alexsmobs:toucan":1,"minecraft:ghast":4,"alexsmobs:fly":2,"minecraft:blaze":15,"minecraft:cow":24,"alexsmobs:dropbear":1,"irons_spellbooks:summoned_zombie":24,"alexsmobs:raccoon":3,"alexsmobs:seagull":1,"alexsmobs:gorilla":6,"minecraft:phantom":33,"alexsmobs:bison":7,"minecraft:drowned":1,"alexsmobs:skreecher":7,"minecraft:warden":1,"minecraft:hoglin":10,"alexsmobs:emu":1,"alexsmobs:catfish":2,"alexsmobs:gazelle":4,"alexsmobs:crow":2,"minecraft:wither_skeleton":7,"minecraft:enderman":21},"minecraft:picked_up":{"minecraft:wooden_axe":1,"irons_spellbooks:scroll":12,"minecraft:iron_chestplate":5,"minecraft:wheat":4,"minecraft:suspicious_stew":2,"minecraft:smithing_table":1,"minecraft:diamond_sword":7,"alexsmobs:gazelle_horn":3,"minecraft:string":90,"minecraft:iron_leggings":5,"minecraft:pufferfish":1,"minecraft:diamond_leggings":3,"minecraft:sculk_shrieker":1,"alexsmobs:blood_sac":11,"irons_spellbooks:arcane_essence":69,"alexsmobs:dropbear_claw":2,"minecraft:sea_pickle":216,"alexsmobs:emu_feather":2,"minecraft:gold_nugget":77,"minecraft:cobbled_deepslate":22,"minecraft:bucket":6,"minecraft:iron_pickaxe":9,"minecraft:melon_slice":241,"alexsmobs:raccoon_tail":2,"minecraft:enchanted_golden_apple":1,"alexsmobs:leafcutter_ant_chamber":1,"minecraft:iron_boots":6,"minecraft:furnace":1,"artifacts:universal_attractor":1,"minecraft:stick":60,"minecraft:acacia_fence":2,"minecraft:jukebox":1,"minecraft:torch":114,"minecraft:acacia_log":7,"travelersbackpack:iron_tier_upgrade":1,"minecraft:porkchop":75,"minecraft:golden_axe":1,"minecraft:diorite":3,"minecraft:music_disc_pigstep":1,"alexsmobs:centipede_leg":2,"travelersbackpack:iron":6,"minecraft:orange_bed":2,"minecraft:rotten_flesh":168,"minecraft:tropical_fish":12,"alexsmobs:emu_egg":2,"artifacts:panic_necklace":3,"minecraft:blaze_rod":12,"minecraft:obsidian":2,"irons_spellbooks:cooldown_ring":3,"minecraft:cobblestone":816,"minecraft:birch_log":1,"minecraft:magma_block":4,"minecraft:feather":3,"minecraft:cooked_beef":37,"minecraft:andesite":1,"minecraft:magma_cream":2,"minecraft:water_bucket":1,"minecraft:jungle_log":68,"minecraft:golden_leggings":2,"minecraft:smoker":1,"alexsmobs:bison_fur":11,"minecraft:flint":3,"minecraft:tuff":1,"alexsmobs:cooked_kangaroo_meat":2,"artifacts:flame_pendant":1,"minecraft:stripped_birch_log":1,"minecraft:lapis_lazuli":107,"minecraft:dirt":677,"artifacts:flippers":1,"minecraft:name_tag":1,"minecraft:leather_boots":2,"irons_spellbooks:hogskin":11,"minecraft:bone":95,"minecraft:acacia_planks":83,"minecraft:bow":3,"minecraft:wheat_seeds":58,"minecraft:raw_gold":118,"artifacts:antidote_vessel":2,"minecraft:moss_block":47,"minecraft:oak_planks":644,"minecraft:ghast_tear":3,"minecraft:chiseled_polished_blackstone":18,"minecraft:cooked_porkchop":62,"minecraft:warped_wart_block":3,"minecraft:sand":130,"minecraft:jungle_planks":9,"minecraft:ink_sac":32,"minecraft:grass_block":3,"alexsmobs:animal_dictionary":2,"alexsmobs:kangaroo_hide":2,"minecraft:clay":1,"minecraft:diamond":21,"artifacts:crystal_heart":1,"minecraft:cracked_polished_blackstone_bricks":6,"minecraft:granite":30,"minecraft:bone_meal":2,"minecraft:golden_apple":25,"minecraft:bread":272,"minecraft:emerald":24,"alexsmobs:maggot":5,"minecraft:oak_sapling":38,"minecraft:netherrack":392,"minecraft:diamond_pickaxe":3,"minecraft:charcoal":2,"minecraft:crafting_table":32,"artifacts:night_vision_goggles":5,"minecraft:nether_wart":20,"minecraft:clay_ball":4,"minecraft:wooden_pickaxe":1,"minecraft:gold_block":68,"minecraft:shield":9,"minecraft:cornflower":3,"alexsmobs:cooked_catfish":6,"minecraft:moss_carpet":10,"minecraft:acacia_door":9,"minecraft:iron_axe":5,"minecraft:iron_shovel":2,"artifacts:fire_gauntlet":2,"minecraft:blackstone":6,"minecraft:cracked_stone_bricks":1,"improvableskills:scroll_normal":1,"minecraft:beef":93,"minecraft:oak_boat":6,"irons_spellbooks:epic_ink":2,"minecraft:poppy":9,"minecraft:light_gray_wool":2,"minecraft:lectern":15,"minecraft:sugar_cane":63,"minecraft:chest":4,"minecraft:egg":8,"minecraft:phantom_membrane":12,"minecraft:raw_iron":387,"minecraft:sandstone":39,"minecraft:oak_door":3,"artifacts:charm_of_sinking":1,"alexsmobs:straddlite":1,"minecraft:polished_blackstone_bricks":26,"minecraft:carrot":32,"minecraft:redstone":1,"alexsmobs:leafcutter_ant_pupa":1,"minecraft:prismarine_crystals":4,"irons_spellbooks:alchemist_cauldron":1,"minecraft:tnt":1,"artifacts:everlasting_beef":1,"irons_spellbooks:gold_spell_book":4,"alexsmobs:kangaroo_burger":1,"minecraft:arrow":102,"minecraft:jungle_stairs":1,"minecraft:hay_block":236,"artifacts:cross_necklace":5,"minecraft:saddle":1,"minecraft:gold_ingot":9,"artifacts:pocket_piston":6,"minecraft:glow_berries":44,"minecraft:mutton":42,"alexsmobs:kangaroo_meat":3,"minecraft:white_wool":25,"irons_spellbooks:ancient_knowledge_fragment":3,"minecraft:rail":2,"minecraft:stripped_oak_log":1,"minecraft:basalt":63,"artifacts:eternal_steak":3,"artifacts:digging_claws":2,"minecraft:glow_ink_sac":3,"minecraft:leather":27,"alexsmobs:skreecher_soul":6,"minecraft:filled_map":3,"alexsmobs:cachalot_whale_tooth":1,"minecraft:oak_log":264,"minecraft:golden_boots":3,"minecraft:gunpowder":11,"alexsmobs:mosquito_proboscis":2,"minecraft:paper":10,"minecraft:white_banner":1,"minecraft:cooked_mutton":21,"minecraft:apple":9,"minecraft:spore_blossom":2,"minecraft:iron_ingot":136,"minecraft:stone_pickaxe":7,"irons_spellbooks:cinder_essence":1,"minecraft:acacia_sapling":3,"minecraft:flowering_azalea":1,"minecraft:soul_sand":1,"minecraft:iron_sword":7,"minecraft:book":5,"minecraft:sculk_catalyst":1,"minecraft:warped_fungus":1,"minecraft:sculk":13,"minecraft:dandelion":8,"minecraft:gravel":64,"minecraft:lava_bucket":1,"minecraft:blast_furnace":3,"minecraft:white_bed":4,"minecraft:crying_obsidian":8,"minecraft:spider_eye":7,"minecraft:leather_helmet":2,"irons_spellbooks:poisonward_ring":4,"artifacts:helium_flamingo":5,"travelersbackpack:standard":3,"alexsmobs:raw_catfish":6,"minecraft:stone_axe":2,"minecraft:iron_helmet":5,"minecraft:diamond_axe":5,"minecraft:gray_wool":7,"minecraft:warped_roots":3,"minecraft:baked_potato":1,"minecraft:black_wool":1,"minecraft:melon_seeds":2,"minecraft:coal":268,"minecraft:ender_pearl":12},"minecraft:killed_by":{"minecraft:piglin_brute":1,"minecraft:creeper":1,"alexsmobs:straddler":1,"alexsmobs:elephant":1,"alexsmobs:cachalot_whale":1,"minecraft:player":2,"minecraft:enderman":2,"minecraft:iron_golem":1},"minecraft:dropped":{"minecraft:clay":1,"minecraft:iron_sword":4,"alexsmobs:straddlite":1,"minecraft:porkchop":6,"minecraft:lapis_lazuli":11,"minecraft:cooked_beef":49,"minecraft:glass_bottle":1,"minecraft:diamond":11,"minecraft:spore_blossom":2,"minecraft:cooked_porkchop":21,"minecraft:warped_roots":2,"minecraft:jungle_planks":3,"minecraft:cracked_stone_bricks":1,"minecraft:saddle":1,"travelersbackpack:standard":1,"artifacts:universal_attractor":2,"minecraft:rail":1,"minecraft:leather_helmet":3,"minecraft:cracked_polished_blackstone_bricks":3,"minecraft:dirt":259,"alexsmobs:kangaroo_burger":3,"minecraft:mutton":12,"irons_spellbooks:epic_ink":2,"irons_spellbooks:arcane_essence":3,"irons_spellbooks:gold_spell_book":2,"minecraft:bone_meal":2,"minecraft:polished_blackstone_bricks":14,"minecraft:iron_pickaxe":3,"minecraft:acacia_door":7,"alexsmobs:raccoon_tail":1,"minecraft:white_wool":3,"minecraft:gold_ingot":1,"minecraft:bone":21,"minecraft:gravel":1,"minecraft:chiseled_polished_blackstone":8,"minecraft:blackstone":3,"minecraft:iron_nugget":5,"alexsmobs:gazelle_horn":3,"minecraft:cobbled_deepslate":2,"minecraft:rotten_flesh":20,"minecraft:blaze_powder":6,"alexsmobs:emu_egg":1,"minecraft:carrot":30,"minecraft:gunpowder":2,"minecraft:charcoal":1,"minecraft:jungle_stairs":1,"minecraft:melon_seeds":2,"minecraft:leather_boots":1,"artifacts:panic_necklace":3,"alexsmobs:blood_sprayer":1,"minecraft:basalt":12,"minecraft:arrow":28,"minecraft:beef":1,"minecraft:warped_wart_block":1,"minecraft:crying_obsidian":4,"irons_spellbooks:cast_time_ring":1,"minecraft:bread":264,"minecraft:golden_boots":2,"minecraft:iron_ingot":46,"minecraft:wheat_seeds":48,"minecraft:prismarine_crystals":4,"minecraft:feather":2,"minecraft:golden_axe":1,"minecraft:cobblestone":213,"minecraft:acacia_log":1,"minecraft:grass_block":1,"minecraft:coal":56,"minecraft:golden_apple":4,"minecraft:stick":1,"irons_spellbooks:scroll":5,"minecraft:gray_wool":1,"minecraft:sculk":13,"minecraft:ink_sac":2,"minecraft:torch":65,"minecraft:lodestone":1,"minecraft:melon_slice":51,"minecraft:cooked_salmon":13,"minecraft:red_dye":1,"minecraft:string":7,"artifacts:digging_claws":2,"minecraft:moss_carpet":2,"alexsmobs:maggot":2,"minecraft:deepslate":3,"minecraft:diamond_hoe":1,"minecraft:chicken":1,"minecraft:clay_ball":4,"improvableskills:skills_book":1,"minecraft:flint_and_steel":1,"minecraft:filled_map":3,"minecraft:diamond_sword":2,"minecraft:hay_block":20,"minecraft:shield":1,"minecraft:sea_pickle":816,"minecraft:iron_chestplate":1,"minecraft:golden_leggings":2,"minecraft:oak_sapling":4,"minecraft:spider_eye":5,"minecraft:bow":2,"minecraft:stone_pickaxe":2,"minecraft:magma_block":1,"artifacts:fire_gauntlet":2},"minecraft:mined":{"minecraft:white_bed":4,"minecraft:sculk_vein":14,"minecraft:jungle_leaves":5,"minecraft:obsidian":1,"minecraft:cave_vines_plant":1,"minecraft:granite":31,"minecraft:chiseled_polished_blackstone":10,"minecraft:acacia_log":5,"minecraft:grass_block":477,"minecraft:jungle_log":64,"minecraft:cracked_polished_blackstone_bricks":3,"travelersbackpack:iron":5,"minecraft:nether_wart":20,"minecraft:spawner":10,"minecraft:polished_blackstone_bricks":15,"minecraft:tall_seagrass":2,"minecraft:magma_block":1,"minecraft:sculk_catalyst":2,"minecraft:iron_ore":239,"minecraft:fire":75,"minecraft:deepslate_lapis_ore":2,"minecraft:sculk_shrieker":12,"minecraft:cave_vines":1,"minecraft:orange_bed":2,"minecraft:blackstone":4,"minecraft:crimson_nylium":2,"irons_spellbooks:alchemist_cauldron":1,"minecraft:smoker":1,"minecraft:soul_fire":3,"minecraft:torch":11,"minecraft:jungle_stairs":1,"minecraft:blast_furnace":1,"minecraft:poppy":7,"minecraft:melon":39,"minecraft:chest":4,"minecraft:cobblestone":69,"minecraft:oak_planks":105,"minecraft:sugar_cane":36,"minecraft:wall_torch":5,"minecraft:warped_nylium":7,"minecraft:birch_log":1,"minecraft:wheat":1,"minecraft:jukebox":1,"minecraft:warped_fungus":1,"minecraft:tnt":1,"minecraft:grass":173,"minecraft:oak_log":173,"minecraft:acacia_fence":2,"minecraft:dirt":43,"minecraft:sand":96,"minecraft:netherrack":163,"minecraft:oak_leaves":75,"minecraft:deepslate":20,"minecraft:nether_gold_ore":21,"minecraft:crying_obsidian":8,"minecraft:tuff":1,"minecraft:deepslate_diamond_ore":14,"minecraft:oak_door":1,"minecraft:stripped_birch_log":1,"minecraft:purple_candle":1,"minecraft:jungle_planks":8,"minecraft:crimson_roots":2,"alexsmobs:leafcutter_ant_chamber":1,"minecraft:spruce_leaves":1,"minecraft:moss_block":31,"minecraft:sandstone":43,"minecraft:hay_block":187,"minecraft:furnace":1,"minecraft:andesite":4,"minecraft:gold_block":42,"minecraft:deepslate_iron_ore":53,"minecraft:vine":3,"minecraft:rail":1,"minecraft:stone":158,"minecraft:white_wool":11,"minecraft:smithing_table":1,"minecraft:soul_sand":1,"minecraft:basalt":7,"minecraft:dandelion":2,"minecraft:crafting_table":24,"minecraft:cornflower":1,"minecraft:emerald_ore":24,"minecraft:warped_roots":1,"minecraft:sculk_sensor":7,"minecraft:campfire":1,"minecraft:lectern":15,"minecraft:tall_grass":16,"minecraft:lapis_ore":7,"minecraft:deepslate_gold_ore":82,"minecraft:sculk":217,"minecraft:warped_wart_block":2,"minecraft:gray_wool":6,"minecraft:birch_leaves":1,"minecraft:coal_ore":169,"minecraft:gravel":12,"minecraft:cobweb":44,"minecraft:cracked_stone_bricks":1,"minecraft:acacia_planks":2,"minecraft:gold_ore":8,"minecraft:fern":19}},"DataVersion":3120}