{"stats":{"minecraft:used":{"minecraft:moss_block":2,"minecraft:moss_carpet":8,"minecraft:tropical_fish":7,"minecraft:stone_pickaxe":83,"minecraft:oak_planks":2,"minecraft:wooden_pickaxe":57,"minecraft:sandstone":4,"minecraft:rotten_flesh":16,"minecraft:iron_chestplate":1,"minecraft:torch":27,"minecraft:glow_berries":55,"minecraft:sand":32,"minecraft:crafting_table":3,"minecraft:flowering_azalea":1,"minecraft:melon_slice":4,"minecraft:iron_boots":1,"minecraft:stone_axe":104,"minecraft:cobblestone":39,"minecraft:oak_sapling":1,"minecraft:furnace":1,"minecraft:bone_meal":3,"minecraft:cobbled_deepslate":1},"minecraft:dropped":{"minecraft:clay":1,"minecraft:moss_carpet":2,"minecraft:spore_blossom":2,"minecraft:clay_ball":4,"minecraft:shield":1,"minecraft:melon_slice":13,"minecraft:spider_eye":1,"minecraft:bone_meal":2,"minecraft:arrow":5,"minecraft:stone_pickaxe":2,"minecraft:bone":3},"minecraft:custom":{"minecraft:interact_with_furnace":9,"minecraft:mob_kills":14,"minecraft:interact_with_crafting_table":7,"minecraft:time_since_death":32953,"minecraft:climb_one_cm":2988,"minecraft:time_since_rest":32980,"minecraft:sprint_one_cm":88150,"minecraft:damage_taken":1860,"minecraft:walk_one_cm":190297,"minecraft:drop":19,"minecraft:damage_dealt":2727,"minecraft:swim_one_cm":72739,"minecraft:fly_one_cm":89699,"minecraft:crouch_one_cm":4143,"minecraft:deaths":4,"minecraft:play_time":59542,"minecraft:sneak_time":2632,"minecraft:walk_under_water_one_cm":14197,"minecraft:jump":1095,"minecraft:walk_on_water_one_cm":20546,"minecraft:total_world_time":59542,"minecraft:fall_one_cm":30300},"minecraft:broken":{"minecraft:wooden_pickaxe":1},"minecraft:picked_up":{"minecraft:crafting_table":6,"minecraft:clay_ball":4,"minecraft:jungle_log":64,"minecraft:wooden_pickaxe":1,"minecraft:oak_log":2,"minecraft:lapis_lazuli":33,"minecraft:moss_carpet":10,"minecraft:bone":6,"minecraft:cobbled_deepslate":1,"minecraft:spore_blossom":2,"minecraft:stone_pickaxe":6,"minecraft:melon_slice":27,"minecraft:moss_block":18,"minecraft:flowering_azalea":1,"minecraft:oak_planks":13,"minecraft:raw_iron":103,"minecraft:stick":18,"minecraft:sandstone":4,"minecraft:torch":50,"minecraft:jungle_planks":1,"minecraft:sand":43,"minecraft:spider_eye":1,"minecraft:arrow":5,"minecraft:rotten_flesh":16,"minecraft:clay":1,"minecraft:tropical_fish":12,"minecraft:stone_axe":2,"minecraft:bone_meal":2,"minecraft:oak_sapling":1,"minecraft:coal":4,"minecraft:glow_berries":44,"minecraft:cobblestone":170},"minecraft:mined":{"minecraft:jungle_leaves":5,"minecraft:crafting_table":3,"minecraft:torch":7,"minecraft:cave_vines_plant":1,"minecraft:melon":5,"minecraft:jungle_log":64,"minecraft:cobblestone":2,"minecraft:lapis_ore":2,"minecraft:oak_planks":1,"minecraft:moss_block":18,"minecraft:sandstone":3,"minecraft:wall_torch":2,"minecraft:iron_ore":21,"minecraft:deepslate_lapis_ore":1,"minecraft:grass":4,"minecraft:vine":2,"minecraft:coal_ore":4,"minecraft:oak_log":2,"minecraft:cave_vines":1,"minecraft:deepslate_iron_ore":30,"minecraft:sand":9,"minecraft:stone":48,"minecraft:oak_leaves":1,"minecraft:fern":1,"minecraft:deepslate":1},"minecraft:killed":{"minecraft:spider":1,"minecraft:skeleton":1,"minecraft:zombie":6,"minecraft:enderman":1},"minecraft:killed_by":{"minecraft:enderman":2},"minecraft:crafted":{"minecraft:oak_planks":8,"minecraft:wooden_pickaxe":1,"minecraft:furnace":1,"minecraft:bone_meal":3,"minecraft:stone_axe":1,"minecraft:air":0,"minecraft:jungle_planks":8,"minecraft:iron_boots":1,"minecraft:iron_chestplate":1,"minecraft:shield":2,"minecraft:stick":8,"minecraft:iron_ingot":14,"minecraft:torch":16}},"DataVersion":3120}