{"stats":{"minecraft:used":{"minecraft:moss_block":31,"minecraft:moss_carpet":8,"minecraft:iron_shovel":471,"minecraft:poppy":3,"minecraft:chest":11,"minecraft:shield":99,"minecraft:iron_sword":639,"minecraft:rotten_flesh":99,"minecraft:iron_chestplate":2,"minecraft:jungle_planks":16,"minecraft:carrot":13,"travelersbackpack:iron":13,"minecraft:obsidian":1,"minecraft:glass":29,"minecraft:lava_bucket":18,"minecraft:grass_block":1,"minecraft:iron_helmet":4,"minecraft:hay_block":31,"minecraft:oak_sapling":34,"minecraft:furnace":5,"minecraft:cooked_cod":7,"minecraft:acacia_fence":2,"minecraft:egg":7,"minecraft:diorite":3,"minecraft:warped_fungus_on_a_stick":3,"minecraft:stripped_birch_log":1,"minecraft:stone_pickaxe":106,"minecraft:oak_planks":643,"minecraft:blackstone":1,"minecraft:wooden_pickaxe":57,"minecraft:mossy_stone_brick_stairs":1,"minecraft:sandstone":39,"minecraft:sugar_cane":24,"minecraft:diamond_axe":195,"minecraft:golden_apple":2,"minecraft:glow_berries":62,"minecraft:sand":32,"minecraft:acacia_door":1,"minecraft:melon_slice":182,"minecraft:bread":132,"minecraft:lectern":11,"minecraft:gravel":11,"minecraft:pufferfish":1,"minecraft:diamond_sword":129,"minecraft:smithing_table":1,"minecraft:andesite":1,"minecraft:birch_log":1,"minecraft:oak_boat":5,"alexsmobs:leafcutter_ant_chamber":1,"minecraft:bone_meal":3,"minecraft:experience_bottle":3,"minecraft:tropical_fish":7,"minecraft:cooked_salmon":1,"minecraft:netherrack":80,"minecraft:oak_door":5,"minecraft:orange_bed":2,"minecraft:torch":96,"minecraft:dirt":332,"minecraft:warped_wart_block":2,"alexsmobs:maggot":2,"minecraft:flowering_azalea":1,"minecraft:iron_axe":475,"minecraft:acacia_slab":2,"minecraft:iron_boots":2,"minecraft:basalt":4,"minecraft:cooked_beef":11,"minecraft:cobbled_deepslate":6,"minecraft:iron_leggings":2,"minecraft:wheat_seeds":1,"minecraft:cooked_mutton":20,"minecraft:water_bucket":75,"minecraft:warped_roots":1,"minecraft:cracked_stone_bricks":1,"minecraft:rail":1,"minecraft:crafting_table":20,"minecraft:white_bed":4,"minecraft:cake":1,"alexsmobs:leafcutter_ant_pupa":1,"minecraft:oak_log":35,"minecraft:cornflower":3,"minecraft:black_wool":1,"minecraft:iron_pickaxe":790,"minecraft:stone_axe":107,"minecraft:cobblestone":108,"minecraft:potion":1,"minecraft:white_banner":1,"minecraft:porkchop":1,"minecraft:cooked_porkchop":2,"minecraft:bucket":93,"alexsmobs:animal_dictionary":3,"minecraft:dandelion":8,"minecraft:splash_potion":1},"minecraft:crafted":{"minecraft:oak_planks":312,"travelersbackpack:iron":2,"minecraft:bookshelf":1,"minecraft:cooked_mutton":6,"minecraft:glass":53,"minecraft:iron_boots":4,"improvableskills:skills_book":2,"minecraft:chest":9,"alexsmobs:cooked_catfish":6,"minecraft:emerald":1,"minecraft:cooked_porkchop":20,"minecraft:crafting_table":2,"minecraft:acacia_slab":6,"travelersbackpack:standard":2,"minecraft:iron_helmet":4,"minecraft:wooden_pickaxe":1,"minecraft:gold_block":34,"minecraft:lectern":1,"minecraft:iron_chestplate":5,"minecraft:paper":9,"minecraft:shield":3,"minecraft:stick":32,"minecraft:iron_ingot":188,"minecraft:iron_pickaxe":6,"minecraft:gold_ingot":339,"irons_spellbooks:arcane_ingot":4,"minecraft:oak_door":3,"minecraft:fishing_rod":1,"minecraft:furnace":3,"minecraft:bone_meal":3,"minecraft:flint_and_steel":1,"travelersbackpack:white_sleeping_bag":1,"minecraft:iron_axe":4,"travelersbackpack:light_gray_sleeping_bag":1,"minecraft:wheat":909,"minecraft:cooked_beef":55,"minecraft:red_dye":6,"travelersbackpack:backpack_tank":4,"minecraft:iron_sword":4,"minecraft:cooked_salmon":14,"minecraft:bucket":4,"minecraft:stone_axe":1,"minecraft:air":0,"minecraft:bread":291,"minecraft:jungle_planks":24,"minecraft:oak_boat":1,"minecraft:golden_apple":5,"minecraft:warped_fungus_on_a_stick":1,"minecraft:raw_gold":63,"minecraft:iron_shovel":1,"minecraft:iron_leggings":4,"minecraft:acacia_planks":24,"minecraft:torch":72},"minecraft:mined":{"minecraft:white_bed":4,"minecraft:jungle_leaves":5,"minecraft:cave_vines_plant":1,"minecraft:chiseled_polished_blackstone":8,"minecraft:acacia_log":5,"minecraft:grass_block":474,"minecraft:cracked_polished_blackstone_bricks":3,"minecraft:jungle_log":64,"travelersbackpack:iron":3,"minecraft:nether_wart":20,"minecraft:spawner":6,"minecraft:polished_blackstone_bricks":13,"minecraft:tall_seagrass":2,"minecraft:magma_block":1,"minecraft:iron_ore":170,"minecraft:fire":46,"minecraft:deepslate_lapis_ore":2,"minecraft:cave_vines":1,"minecraft:orange_bed":2,"minecraft:blackstone":3,"minecraft:smoker":1,"minecraft:soul_fire":3,"minecraft:torch":11,"minecraft:jungle_stairs":1,"minecraft:poppy":7,"minecraft:melon":39,"minecraft:chest":4,"minecraft:cobblestone":57,"minecraft:sugar_cane":15,"minecraft:oak_planks":103,"minecraft:wall_torch":5,"minecraft:warped_nylium":7,"minecraft:birch_log":1,"minecraft:wheat":1,"minecraft:warped_fungus":1,"minecraft:grass":166,"minecraft:oak_log":173,"minecraft:acacia_fence":2,"minecraft:sand":55,"minecraft:dirt":28,"minecraft:netherrack":142,"minecraft:oak_leaves":74,"minecraft:deepslate":5,"minecraft:nether_gold_ore":20,"minecraft:oak_door":1,"minecraft:deepslate_diamond_ore":1,"minecraft:stripped_birch_log":1,"minecraft:purple_candle":1,"minecraft:jungle_planks":8,"minecraft:crimson_roots":1,"alexsmobs:leafcutter_ant_chamber":1,"minecraft:moss_block":31,"minecraft:sandstone":43,"minecraft:hay_block":181,"minecraft:furnace":1,"minecraft:andesite":4,"minecraft:gold_block":42,"minecraft:deepslate_iron_ore":34,"minecraft:vine":3,"minecraft:rail":1,"minecraft:stone":103,"minecraft:white_wool":8,"minecraft:smithing_table":1,"minecraft:soul_sand":1,"minecraft:basalt":7,"minecraft:dandelion":2,"minecraft:crafting_table":20,"minecraft:cornflower":1,"minecraft:emerald_ore":23,"minecraft:warped_roots":1,"minecraft:lectern":10,"minecraft:tall_grass":16,"minecraft:lapis_ore":7,"minecraft:deepslate_gold_ore":19,"minecraft:warped_wart_block":2,"minecraft:birch_leaves":1,"minecraft:coal_ore":160,"minecraft:gravel":12,"minecraft:cobweb":30,"minecraft:cracked_stone_bricks":1,"minecraft:acacia_planks":1,"minecraft:gold_ore":8,"minecraft:fern":19},"minecraft:picked_up":{"irons_spellbooks:scroll":4,"minecraft:iron_chestplate":4,"minecraft:suspicious_stew":2,"minecraft:smithing_table":1,"minecraft:diamond_sword":3,"alexsmobs:gazelle_horn":2,"minecraft:string":57,"minecraft:iron_leggings":4,"minecraft:pufferfish":1,"alexsmobs:dropbear_claw":2,"irons_spellbooks:arcane_essence":45,"alexsmobs:emu_feather":2,"minecraft:gold_nugget":75,"minecraft:cobbled_deepslate":7,"minecraft:bucket":3,"minecraft:iron_pickaxe":6,"alexsmobs:raccoon_tail":2,"minecraft:enchanted_golden_apple":1,"minecraft:melon_slice":241,"minecraft:furnace":1,"minecraft:iron_boots":5,"alexsmobs:leafcutter_ant_chamber":1,"artifacts:universal_attractor":1,"minecraft:stick":49,"minecraft:acacia_fence":2,"minecraft:torch":110,"minecraft:acacia_log":7,"travelersbackpack:iron_tier_upgrade":1,"minecraft:porkchop":73,"minecraft:golden_axe":1,"minecraft:diorite":3,"travelersbackpack:iron":3,"minecraft:orange_bed":2,"minecraft:rotten_flesh":122,"minecraft:tropical_fish":12,"artifacts:panic_necklace":3,"minecraft:blaze_rod":8,"minecraft:obsidian":1,"minecraft:cobblestone":336,"minecraft:birch_log":1,"minecraft:magma_block":4,"minecraft:feather":3,"minecraft:cooked_beef":37,"minecraft:magma_cream":2,"minecraft:andesite":1,"minecraft:water_bucket":1,"minecraft:jungle_log":68,"minecraft:golden_leggings":2,"minecraft:smoker":1,"alexsmobs:bison_fur":11,"minecraft:flint":3,"minecraft:lapis_lazuli":107,"minecraft:stripped_birch_log":1,"minecraft:dirt":648,"minecraft:name_tag":1,"minecraft:leather_boots":1,"minecraft:bone":68,"minecraft:acacia_planks":1,"minecraft:bow":2,"minecraft:wheat_seeds":46,"minecraft:raw_gold":56,"minecraft:moss_block":47,"minecraft:oak_planks":639,"minecraft:ghast_tear":3,"minecraft:chiseled_polished_blackstone":16,"minecraft:cooked_porkchop":13,"minecraft:warped_wart_block":3,"minecraft:jungle_planks":9,"minecraft:sand":90,"minecraft:ink_sac":2,"minecraft:grass_block":1,"alexsmobs:animal_dictionary":1,"minecraft:clay":1,"minecraft:diamond":8,"minecraft:cracked_polished_blackstone_bricks":6,"minecraft:bone_meal":2,"minecraft:golden_apple":16,"minecraft:emerald":22,"minecraft:bread":272,"alexsmobs:maggot":2,"minecraft:oak_sapling":38,"minecraft:netherrack":178,"minecraft:crafting_table":25,"artifacts:night_vision_goggles":2,"minecraft:nether_wart":20,"minecraft:clay_ball":4,"minecraft:wooden_pickaxe":1,"minecraft:gold_block":68,"minecraft:shield":6,"minecraft:cornflower":3,"alexsmobs:cooked_catfish":6,"minecraft:moss_carpet":10,"minecraft:iron_axe":4,"minecraft:acacia_door":9,"minecraft:iron_shovel":2,"artifacts:fire_gauntlet":2,"minecraft:blackstone":5,"minecraft:cracked_stone_bricks":1,"minecraft:beef":93,"minecraft:oak_boat":6,"minecraft:chest":4,"minecraft:poppy":9,"minecraft:light_gray_wool":2,"minecraft:lectern":10,"minecraft:sugar_cane":22,"minecraft:phantom_membrane":3,"minecraft:egg":8,"minecraft:raw_iron":274,"minecraft:sandstone":39,"minecraft:oak_door":3,"minecraft:polished_blackstone_bricks":24,"minecraft:carrot":32,"alexsmobs:leafcutter_ant_pupa":1,"minecraft:prismarine_crystals":4,"minecraft:arrow":41,"minecraft:jungle_stairs":1,"minecraft:hay_block":227,"artifacts:cross_necklace":2,"artifacts:pocket_piston":2,"minecraft:saddle":1,"minecraft:gold_ingot":8,"minecraft:glow_berries":44,"minecraft:mutton":42,"minecraft:rail":2,"alexsmobs:kangaroo_meat":2,"minecraft:white_wool":24,"minecraft:stripped_oak_log":1,"minecraft:basalt":39,"artifacts:digging_claws":2,"minecraft:leather":22,"alexsmobs:skreecher_soul":1,"minecraft:filled_map":3,"alexsmobs:cachalot_whale_tooth":1,"minecraft:oak_log":264,"minecraft:golden_boots":3,"minecraft:gunpowder":6,"minecraft:paper":10,"minecraft:white_banner":1,"minecraft:cooked_mutton":19,"minecraft:apple":4,"minecraft:spore_blossom":2,"minecraft:iron_ingot":63,"minecraft:stone_pickaxe":7,"minecraft:iron_sword":6,"minecraft:flowering_azalea":1,"minecraft:soul_sand":1,"minecraft:book":5,"minecraft:warped_fungus":1,"minecraft:dandelion":8,"minecraft:gravel":12,"minecraft:lava_bucket":1,"minecraft:white_bed":4,"minecraft:spider_eye":2,"minecraft:leather_helmet":2,"irons_spellbooks:poisonward_ring":1,"artifacts:helium_flamingo":2,"alexsmobs:raw_catfish":6,"minecraft:stone_axe":2,"minecraft:iron_helmet":4,"minecraft:diamond_axe":2,"minecraft:gray_wool":1,"minecraft:warped_roots":2,"minecraft:melon_seeds":2,"minecraft:black_wool":1,"minecraft:coal":266,"minecraft:ender_pearl":1},"minecraft:custom":{"minecraft:interact_with_crafting_table":109,"minecraft:open_barrel":31,"minecraft:leave_game":5,"minecraft:time_since_death":23929,"minecraft:sprint_one_cm":1659710,"minecraft:damage_blocked_by_shield":3720,"minecraft:drop":184,"minecraft:talked_to_villager":44,"minecraft:play_time":849836,"minecraft:deaths":12,"minecraft:jump":13063,"minecraft:walk_on_water_one_cm":168311,"minecraft:interact_with_furnace":98,"minecraft:traded_with_villager":1,"minecraft:interact_with_cartography_table":2,"minecraft:sleep_in_bed":13,"minecraft:damage_dealt":69628,"minecraft:crouch_one_cm":98651,"minecraft:interact_with_smoker":7,"minecraft:horse_one_cm":2652158,"minecraft:interact_with_smithing_table":5,"minecraft:mob_kills":407,"minecraft:climb_one_cm":41223,"minecraft:walk_one_cm":2099215,"minecraft:sneak_time":33514,"minecraft:walk_under_water_one_cm":212707,"minecraft:boat_one_cm":105739,"minecraft:interact_with_blast_furnace":3,"minecraft:total_world_time":849836,"minecraft:time_since_rest":23960,"minecraft:damage_taken":16923,"minecraft:damage_absorbed":80,"minecraft:swim_one_cm":920564,"minecraft:fly_one_cm":2263770,"minecraft:open_chest":330,"minecraft:fall_one_cm":887963},"minecraft:killed_by":{"minecraft:piglin_brute":1,"alexsmobs:straddler":1,"alexsmobs:elephant":1,"alexsmobs:cachalot_whale":1,"minecraft:enderman":2,"minecraft:iron_golem":1},"minecraft:dropped":{"minecraft:clay":1,"minecraft:iron_sword":4,"alexsmobs:straddlite":1,"minecraft:porkchop":6,"minecraft:lapis_lazuli":11,"minecraft:cooked_beef":25,"minecraft:glass_bottle":1,"minecraft:diamond":11,"minecraft:spore_blossom":2,"minecraft:warped_roots":1,"minecraft:jungle_planks":3,"minecraft:saddle":1,"artifacts:universal_attractor":2,"travelersbackpack:standard":1,"minecraft:rail":1,"minecraft:leather_helmet":3,"minecraft:dirt":259,"minecraft:mutton":12,"minecraft:bone_meal":2,"minecraft:iron_pickaxe":3,"minecraft:acacia_door":7,"alexsmobs:raccoon_tail":1,"minecraft:white_wool":3,"minecraft:bone":16,"minecraft:gravel":1,"alexsmobs:gazelle_horn":2,"minecraft:rotten_flesh":9,"minecraft:blaze_powder":6,"minecraft:carrot":30,"minecraft:gunpowder":2,"minecraft:jungle_stairs":1,"minecraft:melon_seeds":2,"minecraft:leather_boots":1,"artifacts:panic_necklace":3,"minecraft:basalt":3,"minecraft:arrow":26,"minecraft:beef":1,"minecraft:warped_wart_block":1,"minecraft:golden_boots":2,"minecraft:iron_ingot":46,"minecraft:bread":264,"minecraft:wheat_seeds":46,"minecraft:golden_axe":1,"minecraft:feather":2,"minecraft:prismarine_crystals":4,"minecraft:acacia_log":1,"minecraft:coal":55,"minecraft:golden_apple":2,"minecraft:stick":1,"irons_spellbooks:scroll":1,"minecraft:gray_wool":1,"minecraft:ink_sac":2,"minecraft:torch":65,"minecraft:lodestone":1,"minecraft:melon_slice":51,"minecraft:cooked_salmon":13,"minecraft:red_dye":1,"minecraft:string":2,"artifacts:digging_claws":2,"minecraft:moss_carpet":2,"minecraft:chicken":1,"minecraft:clay_ball":4,"improvableskills:skills_book":1,"minecraft:flint_and_steel":1,"minecraft:filled_map":3,"minecraft:diamond_sword":1,"minecraft:hay_block":20,"minecraft:shield":1,"minecraft:iron_chestplate":1,"minecraft:golden_leggings":2,"minecraft:oak_sapling":4,"minecraft:spider_eye":2,"minecraft:bow":1,"minecraft:stone_pickaxe":2,"artifacts:fire_gauntlet":2},"minecraft:killed":{"minecraft:cave_spider":5,"minecraft:zombified_piglin":1,"minecraft:spider":6,"alexsmobs:shoebill":1,"minecraft:skeleton":44,"alexsmobs:leafcutter_ant":3,"alexsmobs:straddler":5,"alexsmobs:laviathan":1,"minecraft:piglin_brute":4,"alexsmobs:kangaroo":1,"artifacts:mimic":3,"minecraft:magma_cube":35,"minecraft:piglin":22,"minecraft:pig":33,"minecraft:zombie_villager":2,"minecraft:iron_golem":2,"alexsmobs:stradpole":3,"irons_spellbooks:necromancer":2,"minecraft:strider":2,"minecraft:creeper":2,"alexsmobs:warped_toad":2,"minecraft:sheep":17,"minecraft:zombie":82,"alexsmobs:terrapin":1,"minecraft:ghast":4,"alexsmobs:fly":1,"minecraft:cow":22,"minecraft:blaze":15,"alexsmobs:dropbear":1,"irons_spellbooks:summoned_zombie":5,"alexsmobs:raccoon":3,"alexsmobs:seagull":1,"minecraft:phantom":5,"alexsmobs:gorilla":6,"alexsmobs:bison":7,"minecraft:drowned":1,"alexsmobs:skreecher":1,"alexsmobs:emu":1,"alexsmobs:catfish":2,"alexsmobs:gazelle":3,"minecraft:wither_skeleton":7,"minecraft:enderman":9},"minecraft:broken":{"minecraft:iron_shovel":1,"minecraft:golden_boots":1,"minecraft:iron_boots":1,"minecraft:stone_pickaxe":1,"minecraft:stone_axe":1,"minecraft:wooden_pickaxe":1,"minecraft:shield":1,"minecraft:iron_axe":1,"minecraft:iron_pickaxe":2}},"DataVersion":3120}