{"stats":{"minecraft:used":{"minecraft:moss_block":31,"minecraft:moss_carpet":8,"minecraft:iron_shovel":464,"minecraft:poppy":3,"minecraft:chest":11,"minecraft:shield":89,"minecraft:iron_sword":639,"minecraft:rotten_flesh":99,"minecraft:iron_chestplate":2,"minecraft:jungle_planks":16,"minecraft:carrot":13,"travelersbackpack:iron":9,"minecraft:obsidian":1,"minecraft:glass":4,"minecraft:lava_bucket":15,"minecraft:grass_block":1,"minecraft:iron_helmet":4,"minecraft:hay_block":15,"minecraft:oak_sapling":34,"minecraft:furnace":5,"minecraft:cooked_cod":7,"minecraft:acacia_fence":2,"minecraft:egg":7,"minecraft:diorite":3,"minecraft:warped_fungus_on_a_stick":3,"minecraft:stripped_birch_log":1,"minecraft:stone_pickaxe":106,"minecraft:oak_planks":643,"minecraft:blackstone":1,"minecraft:wooden_pickaxe":57,"minecraft:mossy_stone_brick_stairs":1,"minecraft:sandstone":39,"minecraft:diamond_axe":150,"minecraft:golden_apple":2,"minecraft:glow_berries":62,"minecraft:sand":32,"minecraft:acacia_door":1,"minecraft:melon_slice":182,"minecraft:bread":75,"minecraft:lectern":11,"minecraft:gravel":11,"minecraft:diamond_sword":2,"minecraft:andesite":1,"minecraft:birch_log":1,"minecraft:oak_boat":4,"alexsmobs:leafcutter_ant_chamber":1,"minecraft:bone_meal":3,"minecraft:experience_bottle":3,"minecraft:tropical_fish":7,"minecraft:netherrack":67,"minecraft:oak_door":5,"minecraft:orange_bed":2,"minecraft:torch":96,"minecraft:dirt":101,"minecraft:warped_wart_block":2,"alexsmobs:maggot":2,"minecraft:flowering_azalea":1,"minecraft:iron_axe":475,"minecraft:acacia_slab":2,"minecraft:iron_boots":2,"minecraft:basalt":4,"minecraft:cooked_beef":7,"minecraft:cobbled_deepslate":6,"minecraft:iron_leggings":2,"minecraft:wheat_seeds":1,"minecraft:cooked_mutton":20,"minecraft:water_bucket":66,"minecraft:warped_roots":1,"minecraft:cracked_stone_bricks":1,"minecraft:rail":1,"minecraft:crafting_table":17,"minecraft:white_bed":4,"minecraft:cake":1,"alexsmobs:leafcutter_ant_pupa":1,"minecraft:oak_log":35,"minecraft:cornflower":3,"minecraft:black_wool":1,"minecraft:iron_pickaxe":624,"minecraft:stone_axe":107,"minecraft:cobblestone":108,"minecraft:potion":1,"minecraft:white_banner":1,"minecraft:porkchop":1,"minecraft:cooked_porkchop":2,"minecraft:bucket":82,"alexsmobs:animal_dictionary":3,"minecraft:dandelion":8,"minecraft:splash_potion":1},"minecraft:crafted":{"minecraft:oak_planks":312,"travelersbackpack:iron":1,"minecraft:bookshelf":1,"minecraft:cooked_mutton":6,"minecraft:glass":28,"minecraft:iron_boots":3,"improvableskills:skills_book":2,"minecraft:chest":9,"minecraft:emerald":1,"minecraft:cooked_porkchop":20,"minecraft:crafting_table":1,"minecraft:acacia_slab":6,"travelersbackpack:standard":2,"minecraft:iron_helmet":3,"minecraft:wooden_pickaxe":1,"minecraft:gold_block":34,"minecraft:lectern":1,"minecraft:iron_chestplate":4,"minecraft:paper":9,"minecraft:shield":2,"minecraft:stick":32,"minecraft:iron_ingot":148,"minecraft:iron_pickaxe":6,"minecraft:gold_ingot":339,"minecraft:oak_door":3,"minecraft:fishing_rod":1,"minecraft:furnace":3,"minecraft:bone_meal":3,"minecraft:flint_and_steel":1,"travelersbackpack:white_sleeping_bag":1,"minecraft:iron_axe":4,"travelersbackpack:light_gray_sleeping_bag":1,"minecraft:wheat":450,"minecraft:cooked_beef":48,"minecraft:red_dye":6,"travelersbackpack:backpack_tank":4,"minecraft:iron_sword":4,"minecraft:bucket":4,"minecraft:stone_axe":1,"minecraft:air":0,"minecraft:bread":138,"minecraft:jungle_planks":24,"minecraft:oak_boat":1,"minecraft:golden_apple":5,"minecraft:warped_fungus_on_a_stick":1,"minecraft:raw_gold":63,"minecraft:iron_shovel":1,"minecraft:iron_leggings":3,"minecraft:acacia_planks":24,"minecraft:torch":72},"minecraft:mined":{"minecraft:white_bed":4,"minecraft:jungle_leaves":5,"minecraft:cave_vines_plant":1,"minecraft:acacia_log":5,"minecraft:grass_block":457,"minecraft:jungle_log":64,"travelersbackpack:iron":2,"minecraft:nether_wart":20,"minecraft:spawner":6,"minecraft:tall_seagrass":2,"minecraft:iron_ore":170,"minecraft:fire":41,"minecraft:deepslate_lapis_ore":2,"minecraft:cave_vines":1,"minecraft:orange_bed":2,"minecraft:blackstone":1,"minecraft:smoker":1,"minecraft:torch":11,"minecraft:jungle_stairs":1,"minecraft:poppy":7,"minecraft:melon":39,"minecraft:chest":4,"minecraft:cobblestone":47,"minecraft:sugar_cane":4,"minecraft:oak_planks":103,"minecraft:wall_torch":5,"minecraft:warped_nylium":7,"minecraft:birch_log":1,"minecraft:wheat":1,"minecraft:warped_fungus":1,"minecraft:grass":165,"minecraft:oak_log":173,"minecraft:acacia_fence":2,"minecraft:sand":55,"minecraft:dirt":16,"minecraft:netherrack":65,"minecraft:oak_leaves":73,"minecraft:deepslate":5,"minecraft:nether_gold_ore":20,"minecraft:oak_door":1,"minecraft:deepslate_diamond_ore":1,"minecraft:stripped_birch_log":1,"minecraft:purple_candle":1,"minecraft:jungle_planks":8,"alexsmobs:leafcutter_ant_chamber":1,"minecraft:moss_block":31,"minecraft:sandstone":43,"minecraft:hay_block":166,"minecraft:furnace":1,"minecraft:andesite":4,"minecraft:gold_block":3,"minecraft:deepslate_iron_ore":34,"minecraft:vine":3,"minecraft:rail":1,"minecraft:stone":103,"minecraft:white_wool":8,"minecraft:smithing_table":1,"minecraft:soul_sand":1,"minecraft:basalt":3,"minecraft:dandelion":2,"minecraft:crafting_table":17,"minecraft:cornflower":1,"minecraft:emerald_ore":22,"minecraft:warped_roots":1,"minecraft:lectern":10,"minecraft:tall_grass":16,"minecraft:lapis_ore":7,"minecraft:deepslate_gold_ore":19,"minecraft:warped_wart_block":2,"minecraft:coal_ore":160,"minecraft:gravel":12,"minecraft:cobweb":30,"minecraft:cracked_stone_bricks":1,"minecraft:acacia_planks":1,"minecraft:gold_ore":8,"minecraft:fern":19},"minecraft:picked_up":{"irons_spellbooks:scroll":1,"minecraft:iron_chestplate":2,"minecraft:suspicious_stew":2,"minecraft:smithing_table":1,"minecraft:diamond_sword":1,"alexsmobs:gazelle_horn":2,"minecraft:string":47,"minecraft:iron_leggings":3,"alexsmobs:dropbear_claw":2,"irons_spellbooks:arcane_essence":34,"alexsmobs:emu_feather":2,"minecraft:gold_nugget":75,"minecraft:cobbled_deepslate":7,"minecraft:bucket":2,"minecraft:iron_pickaxe":5,"alexsmobs:raccoon_tail":2,"minecraft:enchanted_golden_apple":1,"minecraft:melon_slice":241,"minecraft:furnace":1,"minecraft:iron_boots":4,"alexsmobs:leafcutter_ant_chamber":1,"minecraft:stick":49,"minecraft:acacia_fence":2,"minecraft:torch":110,"minecraft:acacia_log":7,"travelersbackpack:iron_tier_upgrade":1,"minecraft:porkchop":73,"minecraft:diorite":3,"travelersbackpack:iron":2,"minecraft:orange_bed":2,"minecraft:rotten_flesh":118,"minecraft:tropical_fish":12,"artifacts:panic_necklace":2,"minecraft:blaze_rod":6,"minecraft:obsidian":1,"minecraft:cobblestone":305,"minecraft:birch_log":1,"minecraft:magma_block":3,"minecraft:feather":2,"minecraft:magma_cream":2,"minecraft:andesite":1,"minecraft:water_bucket":1,"minecraft:jungle_log":68,"minecraft:smoker":1,"alexsmobs:bison_fur":9,"minecraft:flint":3,"minecraft:lapis_lazuli":107,"minecraft:stripped_birch_log":1,"minecraft:dirt":474,"minecraft:name_tag":1,"minecraft:leather_boots":1,"minecraft:bone":66,"minecraft:acacia_planks":1,"minecraft:bow":2,"minecraft:wheat_seeds":44,"minecraft:raw_gold":56,"minecraft:moss_block":47,"minecraft:oak_planks":608,"minecraft:ghast_tear":1,"minecraft:cooked_porkchop":13,"minecraft:warped_wart_block":3,"minecraft:jungle_planks":9,"minecraft:sand":90,"minecraft:ink_sac":2,"minecraft:grass_block":1,"alexsmobs:animal_dictionary":1,"minecraft:clay":1,"minecraft:diamond":8,"minecraft:bone_meal":2,"minecraft:golden_apple":13,"minecraft:emerald":21,"minecraft:bread":66,"alexsmobs:maggot":2,"minecraft:oak_sapling":38,"minecraft:netherrack":70,"minecraft:crafting_table":21,"artifacts:night_vision_goggles":1,"minecraft:nether_wart":20,"minecraft:clay_ball":4,"minecraft:wooden_pickaxe":1,"minecraft:gold_block":9,"minecraft:shield":5,"minecraft:cornflower":3,"minecraft:moss_carpet":10,"minecraft:iron_axe":4,"minecraft:acacia_door":9,"minecraft:iron_shovel":2,"artifacts:fire_gauntlet":2,"minecraft:blackstone":1,"minecraft:cracked_stone_bricks":1,"minecraft:beef":93,"minecraft:oak_boat":6,"minecraft:chest":4,"minecraft:poppy":9,"minecraft:light_gray_wool":2,"minecraft:lectern":10,"minecraft:sugar_cane":11,"minecraft:phantom_membrane":3,"minecraft:egg":8,"minecraft:raw_iron":274,"minecraft:sandstone":39,"minecraft:oak_door":3,"minecraft:carrot":32,"alexsmobs:leafcutter_ant_pupa":1,"minecraft:prismarine_crystals":4,"minecraft:arrow":39,"minecraft:jungle_stairs":1,"minecraft:hay_block":211,"artifacts:cross_necklace":1,"artifacts:pocket_piston":1,"minecraft:saddle":1,"minecraft:gold_ingot":8,"minecraft:glow_berries":44,"minecraft:mutton":42,"minecraft:rail":2,"alexsmobs:kangaroo_meat":2,"minecraft:white_wool":24,"minecraft:stripped_oak_log":1,"minecraft:basalt":32,"artifacts:digging_claws":1,"minecraft:leather":22,"alexsmobs:skreecher_soul":1,"minecraft:filled_map":3,"alexsmobs:cachalot_whale_tooth":1,"minecraft:oak_log":264,"minecraft:golden_boots":1,"minecraft:gunpowder":5,"minecraft:paper":10,"minecraft:white_banner":1,"minecraft:cooked_mutton":19,"minecraft:apple":4,"minecraft:spore_blossom":2,"minecraft:iron_ingot":63,"minecraft:stone_pickaxe":7,"minecraft:iron_sword":5,"minecraft:flowering_azalea":1,"minecraft:soul_sand":1,"minecraft:book":5,"minecraft:warped_fungus":1,"minecraft:dandelion":8,"minecraft:gravel":12,"minecraft:lava_bucket":1,"minecraft:white_bed":4,"minecraft:spider_eye":2,"minecraft:leather_helmet":2,"artifacts:helium_flamingo":1,"alexsmobs:raw_catfish":6,"minecraft:stone_axe":2,"minecraft:iron_helmet":3,"minecraft:diamond_axe":1,"minecraft:gray_wool":1,"minecraft:warped_roots":2,"minecraft:melon_seeds":2,"minecraft:black_wool":1,"minecraft:coal":264,"minecraft:ender_pearl":1},"minecraft:custom":{"minecraft:interact_with_crafting_table":95,"minecraft:open_barrel":31,"minecraft:leave_game":5,"minecraft:time_since_death":113128,"minecraft:sprint_one_cm":1480425,"minecraft:damage_blocked_by_shield":3110,"minecraft:drop":151,"minecraft:talked_to_villager":44,"minecraft:play_time":693836,"minecraft:deaths":11,"minecraft:jump":11074,"minecraft:walk_on_water_one_cm":159390,"minecraft:interact_with_furnace":86,"minecraft:traded_with_villager":1,"minecraft:interact_with_cartography_table":2,"minecraft:sleep_in_bed":12,"minecraft:damage_dealt":56476,"minecraft:crouch_one_cm":66512,"minecraft:interact_with_smoker":7,"minecraft:horse_one_cm":2652158,"minecraft:interact_with_smithing_table":3,"minecraft:mob_kills":331,"minecraft:climb_one_cm":41223,"minecraft:walk_one_cm":1774553,"minecraft:sneak_time":22722,"minecraft:walk_under_water_one_cm":137354,"minecraft:boat_one_cm":98475,"minecraft:interact_with_blast_furnace":3,"minecraft:total_world_time":693836,"minecraft:time_since_rest":45442,"minecraft:damage_taken":13413,"minecraft:damage_absorbed":80,"minecraft:swim_one_cm":468535,"minecraft:fly_one_cm":1882651,"minecraft:open_chest":268,"minecraft:fall_one_cm":608631},"minecraft:killed_by":{"alexsmobs:straddler":1,"alexsmobs:elephant":1,"alexsmobs:cachalot_whale":1,"minecraft:enderman":2,"minecraft:iron_golem":1},"minecraft:dropped":{"minecraft:clay":1,"minecraft:iron_sword":2,"alexsmobs:straddlite":1,"minecraft:porkchop":6,"minecraft:lapis_lazuli":11,"minecraft:cooked_beef":1,"minecraft:glass_bottle":1,"minecraft:diamond":11,"minecraft:spore_blossom":2,"minecraft:warped_roots":1,"minecraft:jungle_planks":3,"minecraft:saddle":1,"travelersbackpack:standard":1,"minecraft:rail":1,"minecraft:leather_helmet":3,"minecraft:mutton":12,"minecraft:bone_meal":2,"minecraft:iron_pickaxe":3,"minecraft:acacia_door":7,"alexsmobs:raccoon_tail":1,"minecraft:white_wool":3,"minecraft:bone":16,"minecraft:gravel":1,"alexsmobs:gazelle_horn":2,"minecraft:rotten_flesh":9,"minecraft:blaze_powder":6,"minecraft:carrot":30,"minecraft:gunpowder":2,"minecraft:jungle_stairs":1,"minecraft:melon_seeds":2,"minecraft:leather_boots":1,"artifacts:panic_necklace":2,"minecraft:basalt":3,"minecraft:arrow":26,"minecraft:beef":1,"minecraft:warped_wart_block":1,"minecraft:iron_ingot":46,"minecraft:bread":29,"minecraft:wheat_seeds":44,"minecraft:feather":2,"minecraft:prismarine_crystals":4,"minecraft:acacia_log":1,"minecraft:coal":55,"minecraft:golden_apple":2,"minecraft:stick":1,"minecraft:gray_wool":1,"minecraft:ink_sac":2,"minecraft:torch":65,"minecraft:melon_slice":51,"minecraft:red_dye":1,"minecraft:string":2,"artifacts:digging_claws":1,"minecraft:moss_carpet":2,"minecraft:chicken":1,"minecraft:clay_ball":4,"improvableskills:skills_book":1,"minecraft:flint_and_steel":1,"minecraft:filled_map":3,"minecraft:hay_block":20,"minecraft:shield":1,"minecraft:oak_sapling":4,"minecraft:spider_eye":2,"minecraft:bow":1,"minecraft:stone_pickaxe":2,"artifacts:fire_gauntlet":2},"minecraft:killed":{"minecraft:cave_spider":5,"minecraft:zombified_piglin":1,"minecraft:spider":6,"minecraft:skeleton":41,"alexsmobs:leafcutter_ant":3,"alexsmobs:straddler":3,"alexsmobs:laviathan":1,"alexsmobs:kangaroo":1,"artifacts:mimic":3,"minecraft:magma_cube":29,"minecraft:piglin":3,"minecraft:pig":33,"minecraft:zombie_villager":2,"minecraft:iron_golem":2,"alexsmobs:stradpole":1,"irons_spellbooks:necromancer":1,"minecraft:strider":1,"minecraft:creeper":2,"alexsmobs:warped_toad":2,"minecraft:sheep":17,"minecraft:zombie":80,"alexsmobs:terrapin":1,"minecraft:ghast":2,"alexsmobs:fly":1,"minecraft:cow":22,"minecraft:blaze":12,"alexsmobs:dropbear":1,"irons_spellbooks:summoned_zombie":5,"alexsmobs:raccoon":3,"alexsmobs:seagull":1,"minecraft:phantom":5,"alexsmobs:gorilla":6,"alexsmobs:bison":5,"minecraft:drowned":1,"alexsmobs:skreecher":1,"alexsmobs:emu":1,"alexsmobs:catfish":2,"alexsmobs:gazelle":3,"minecraft:wither_skeleton":2,"minecraft:enderman":7},"minecraft:broken":{"minecraft:iron_shovel":1,"minecraft:golden_boots":1,"minecraft:iron_boots":1,"minecraft:stone_pickaxe":1,"minecraft:stone_axe":1,"minecraft:wooden_pickaxe":1,"minecraft:shield":1,"minecraft:iron_axe":1,"minecraft:iron_pickaxe":2}},"DataVersion":3120}