{"stats":{"minecraft:used":{"minecraft:moss_block":31,"minecraft:moss_carpet":8,"minecraft:tropical_fish":7,"minecraft:chest":2,"minecraft:shield":33,"minecraft:iron_sword":190,"minecraft:rotten_flesh":23,"minecraft:iron_chestplate":1,"minecraft:torch":35,"minecraft:jungle_planks":16,"minecraft:carrot":13,"minecraft:flowering_azalea":1,"minecraft:lava_bucket":13,"minecraft:iron_axe":234,"minecraft:acacia_slab":2,"minecraft:iron_helmet":2,"minecraft:iron_boots":1,"minecraft:oak_sapling":18,"minecraft:furnace":3,"minecraft:cooked_cod":7,"minecraft:egg":7,"minecraft:cobbled_deepslate":3,"minecraft:iron_leggings":1,"minecraft:wheat_seeds":1,"minecraft:water_bucket":29,"minecraft:diorite":3,"minecraft:stripped_birch_log":1,"minecraft:stone_pickaxe":106,"minecraft:oak_planks":4,"minecraft:wooden_pickaxe":57,"minecraft:sandstone":39,"minecraft:cracked_stone_bricks":1,"minecraft:glow_berries":62,"minecraft:sand":32,"minecraft:rail":1,"minecraft:crafting_table":11,"minecraft:white_bed":3,"minecraft:oak_log":10,"minecraft:iron_pickaxe":315,"minecraft:melon_slice":51,"minecraft:bread":27,"minecraft:lectern":11,"minecraft:gravel":10,"minecraft:stone_axe":107,"minecraft:cobblestone":59,"minecraft:cooked_porkchop":2,"minecraft:andesite":1,"minecraft:bucket":43,"minecraft:birch_log":1,"minecraft:oak_boat":3,"minecraft:bone_meal":3},"minecraft:dropped":{"minecraft:iron_ingot":46,"minecraft:bread":29,"minecraft:clay":1,"minecraft:iron_sword":1,"minecraft:porkchop":3,"minecraft:wheat_seeds":17,"minecraft:lapis_lazuli":2,"minecraft:spore_blossom":2,"minecraft:prismarine_crystals":4,"minecraft:jungle_planks":3,"minecraft:acacia_log":1,"minecraft:leather_helmet":3,"minecraft:coal":17,"minecraft:stick":1,"minecraft:gray_wool":1,"minecraft:mutton":9,"minecraft:melon_slice":50,"minecraft:bone_meal":2,"minecraft:iron_pickaxe":1,"minecraft:white_wool":3,"minecraft:bone":7,"minecraft:moss_carpet":2,"minecraft:rotten_flesh":7,"minecraft:clay_ball":4,"minecraft:carrot":24,"minecraft:flint_and_steel":1,"minecraft:filled_map":3,"minecraft:shield":1,"minecraft:jungle_stairs":1,"minecraft:leather_boots":1,"minecraft:spider_eye":1,"minecraft:arrow":8,"minecraft:stone_pickaxe":2},"minecraft:custom":{"minecraft:mob_kills":118,"minecraft:interact_with_crafting_table":45,"minecraft:open_barrel":7,"minecraft:leave_game":2,"minecraft:time_since_death":29189,"minecraft:climb_one_cm":22496,"minecraft:sprint_one_cm":718099,"minecraft:walk_one_cm":717683,"minecraft:damage_blocked_by_shield":1160,"minecraft:drop":76,"minecraft:talked_to_villager":38,"minecraft:play_time":278545,"minecraft:sneak_time":9094,"minecraft:deaths":7,"minecraft:walk_under_water_one_cm":77818,"minecraft:boat_one_cm":78563,"minecraft:jump":5439,"minecraft:interact_with_blast_furnace":3,"minecraft:walk_on_water_one_cm":89983,"minecraft:total_world_time":278545,"minecraft:interact_with_furnace":40,"minecraft:traded_with_villager":1,"minecraft:interact_with_cartography_table":1,"minecraft:sleep_in_bed":7,"minecraft:time_since_rest":29221,"minecraft:damage_taken":4376,"minecraft:damage_dealt":17704,"minecraft:swim_one_cm":209875,"minecraft:fly_one_cm":912873,"minecraft:open_chest":70,"minecraft:crouch_one_cm":18733,"minecraft:interact_with_smoker":6,"minecraft:fall_one_cm":148641,"minecraft:horse_one_cm":454},"minecraft:broken":{"minecraft:wooden_pickaxe":1,"minecraft:stone_pickaxe":1,"minecraft:stone_axe":1,"minecraft:iron_pickaxe":1},"minecraft:picked_up":{"minecraft:iron_chestplate":1,"minecraft:crafting_table":15,"minecraft:clay_ball":4,"minecraft:suspicious_stew":1,"minecraft:wooden_pickaxe":1,"minecraft:gold_block":7,"minecraft:shield":3,"minecraft:string":14,"minecraft:moss_carpet":10,"minecraft:iron_axe":1,"minecraft:iron_shovel":1,"minecraft:cracked_stone_bricks":1,"minecraft:cobbled_deepslate":4,"minecraft:beef":46,"minecraft:oak_boat":4,"minecraft:iron_pickaxe":1,"minecraft:lectern":10,"minecraft:melon_slice":108,"minecraft:sugar_cane":11,"minecraft:furnace":1,"minecraft:iron_boots":1,"minecraft:egg":8,"minecraft:stick":45,"minecraft:raw_iron":176,"minecraft:sandstone":39,"minecraft:torch":57,"minecraft:acacia_log":7,"minecraft:porkchop":72,"minecraft:diorite":3,"minecraft:carrot":32,"minecraft:prismarine_crystals":4,"minecraft:arrow":16,"minecraft:rotten_flesh":41,"minecraft:tropical_fish":12,"minecraft:jungle_stairs":1,"minecraft:hay_block":52,"minecraft:gold_ingot":8,"minecraft:glow_berries":44,"minecraft:mutton":11,"minecraft:rail":1,"minecraft:white_wool":10,"minecraft:cobblestone":232,"minecraft:birch_log":1,"minecraft:andesite":1,"minecraft:jungle_log":68,"minecraft:leather":20,"minecraft:smoker":1,"minecraft:filled_map":3,"minecraft:flint":3,"minecraft:oak_log":100,"minecraft:paper":10,"minecraft:lapis_lazuli":49,"minecraft:stripped_birch_log":1,"minecraft:leather_boots":1,"minecraft:bone":48,"minecraft:acacia_planks":1,"minecraft:apple":4,"minecraft:bow":1,"minecraft:wheat_seeds":30,"minecraft:raw_gold":25,"minecraft:spore_blossom":2,"minecraft:iron_ingot":57,"minecraft:stone_pickaxe":7,"minecraft:moss_block":47,"minecraft:iron_sword":1,"minecraft:flowering_azalea":1,"minecraft:oak_planks":27,"minecraft:book":5,"minecraft:cooked_porkchop":13,"minecraft:lava_bucket":1,"minecraft:gravel":10,"minecraft:sand":62,"minecraft:jungle_planks":9,"minecraft:white_bed":3,"minecraft:spider_eye":1,"minecraft:leather_helmet":2,"minecraft:clay":1,"minecraft:diamond":8,"minecraft:stone_axe":2,"minecraft:bone_meal":2,"minecraft:gray_wool":1,"minecraft:golden_apple":2,"minecraft:oak_sapling":18,"minecraft:coal":183},"minecraft:mined":{"minecraft:white_bed":4,"minecraft:deepslate_diamond_ore":1,"minecraft:jungle_leaves":5,"minecraft:stripped_birch_log":1,"minecraft:cave_vines_plant":1,"minecraft:acacia_log":5,"minecraft:jungle_planks":8,"minecraft:jungle_log":64,"minecraft:moss_block":31,"minecraft:sandstone":43,"minecraft:hay_block":52,"minecraft:tall_seagrass":2,"minecraft:furnace":1,"minecraft:iron_ore":91,"minecraft:fire":3,"minecraft:andesite":4,"minecraft:deepslate_lapis_ore":1,"minecraft:gold_block":1,"minecraft:vine":2,"minecraft:cave_vines":1,"minecraft:deepslate_iron_ore":30,"minecraft:rail":1,"minecraft:stone":81,"minecraft:smoker":1,"minecraft:crafting_table":11,"minecraft:torch":7,"minecraft:jungle_stairs":1,"minecraft:melon":18,"minecraft:lectern":10,"minecraft:tall_grass":2,"minecraft:cobblestone":17,"minecraft:deepslate_gold_ore":6,"minecraft:lapis_ore":3,"minecraft:oak_planks":9,"minecraft:sugar_cane":4,"minecraft:wall_torch":2,"minecraft:birch_log":1,"minecraft:wheat":1,"minecraft:grass":99,"minecraft:oak_log":100,"minecraft:coal_ore":139,"minecraft:gravel":10,"minecraft:sand":27,"minecraft:cracked_stone_bricks":1,"minecraft:acacia_planks":1,"minecraft:gold_ore":5,"minecraft:oak_leaves":32,"minecraft:deepslate":3,"minecraft:fern":19},"minecraft:killed":{"minecraft:spider":3,"minecraft:skeleton":16,"minecraft:drowned":1,"minecraft:pig":32,"minecraft:zombie_villager":2,"minecraft:iron_golem":2,"minecraft:sheep":10,"minecraft:zombie":24,"minecraft:enderman":2,"minecraft:cow":21},"minecraft:killed_by":{"minecraft:enderman":2,"minecraft:iron_golem":1},"minecraft:crafted":{"minecraft:oak_planks":8,"minecraft:furnace":2,"minecraft:bone_meal":3,"minecraft:bookshelf":1,"minecraft:cooked_mutton":2,"minecraft:flint_and_steel":1,"minecraft:iron_boots":2,"minecraft:iron_axe":2,"minecraft:chest":2,"minecraft:wheat":378,"minecraft:cooked_beef":9,"minecraft:emerald":1,"minecraft:crafting_table":1,"minecraft:acacia_slab":6,"minecraft:wooden_pickaxe":1,"minecraft:iron_helmet":2,"minecraft:iron_sword":2,"minecraft:bucket":2,"minecraft:stone_axe":1,"minecraft:bread":126,"minecraft:air":0,"minecraft:jungle_planks":24,"minecraft:golden_apple":4,"minecraft:lectern":1,"minecraft:iron_chestplate":2,"minecraft:paper":9,"minecraft:shield":2,"minecraft:stick":12,"minecraft:iron_ingot":42,"minecraft:iron_pickaxe":4,"minecraft:iron_leggings":3,"minecraft:gold_ingot":73,"minecraft:acacia_planks":24,"minecraft:torch":16}},"DataVersion":3120}