{"stats":{"minecraft:custom":{"minecraft:interact_with_crafting_table":189,"minecraft:open_barrel":99,"minecraft:eat_cake_slice":2,"minecraft:leave_game":12,"minecraft:time_since_death":127952,"minecraft:damage_blocked_by_shield":5460,"minecraft:play_time":1574370,"minecraft:deaths":16,"minecraft:jump":20084,"minecraft:interact_with_furnace":178,"minecraft:play_record":3,"minecraft:traded_with_villager":2,"minecraft:interact_with_cartography_table":2,"minecraft:sleep_in_bed":16,"minecraft:damage_dealt":142162,"minecraft:interact_with_smoker":10,"minecraft:horse_one_cm":3892647,"minecraft:interact_with_smithing_table":13,"minecraft:interact_with_anvil":7,"minecraft:sneak_time":80626,"minecraft:interact_with_blast_furnace":20,"minecraft:total_world_time":1574370,"minecraft:time_since_rest":127988,"minecraft:swim_one_cm":3274286,"minecraft:fly_one_cm":3509643,"minecraft:open_chest":1049,"minecraft:fall_one_cm":1888343,"minecraft:sprint_one_cm":2470651,"minecraft:drop":327,"minecraft:talked_to_villager":52,"minecraft:walk_on_water_one_cm":200563,"minecraft:player_kills":4,"minecraft:crouch_one_cm":237136,"minecraft:mob_kills":913,"minecraft:climb_one_cm":58371,"minecraft:walk_one_cm":3545819,"minecraft:walk_under_water_one_cm":815734,"minecraft:boat_one_cm":105739,"minecraft:damage_taken":32586,"minecraft:damage_absorbed":936,"minecraft:trigger_trapped_chest":4},"minecraft:used":{"irons_spellbooks:inscription_table":1,"minecraft:moss_block":31,"minecraft:poppy":3,"minecraft:chest":15,"minecraft:rotten_flesh":99,"minecraft:lava_bucket":18,"minecraft:music_disc_pigstep":2,"minecraft:grass_block":2,"minecraft:polished_andesite_stairs":1,"minecraft:furnace":5,"minecraft:oak_sapling":34,"minecraft:cooked_cod":7,"minecraft:acacia_fence":2,"minecraft:egg":7,"minecraft:diorite":20,"minecraft:warped_fungus_on_a_stick":3,"minecraft:stripped_birch_log":1,"minecraft:blackstone":1,"minecraft:wooden_pickaxe":57,"minecraft:mossy_stone_brick_stairs":1,"artifacts:eternal_steak":94,"minecraft:golden_apple":4,"minecraft:glow_berries":62,"minecraft:sand":34,"minecraft:blast_furnace":1,"minecraft:lectern":17,"minecraft:pufferfish":1,"minecraft:diamond_sword":1040,"minecraft:smithing_table":1,"minecraft:birch_log":1,"minecraft:oak_boat":5,"alexsmobs:leafcutter_ant_chamber":1,"minecraft:cooked_salmon":1,"minecraft:netherrack":81,"minecraft:orange_bed":2,"minecraft:torch":100,"minecraft:warped_wart_block":2,"minecraft:flowering_azalea":1,"minecraft:iron_axe":475,"minecraft:basalt":4,"artifacts:everlasting_beef":1,"minecraft:acacia_planks":1,"minecraft:cobbled_deepslate":9,"minecraft:wheat_seeds":1,"minecraft:water_bucket":76,"minecraft:cracked_stone_bricks":1,"minecraft:mossy_cobblestone":1,"minecraft:rail":1,"minecraft:crafting_table":24,"minecraft:sculk_shrieker":1,"minecraft:campfire":1,"minecraft:white_bed":4,"minecraft:cake":1,"alexsmobs:leafcutter_ant_pupa":1,"minecraft:oak_log":35,"minecraft:diamond_pickaxe":67,"minecraft:cornflower":3,"minecraft:iron_pickaxe":1188,"irons_spellbooks:archevoker_helmet":1,"minecraft:cobblestone":136,"minecraft:potion":7,"travelersbackpack:standard":45,"minecraft:cooked_porkchop":24,"minecraft:porkchop":1,"minecraft:dandelion":8,"minecraft:jukebox":1,"minecraft:diamond_leggings":1,"minecraft:moss_carpet":8,"minecraft:iron_shovel":504,"travelersbackpack:lapis":1,"minecraft:diamond_hoe":5935,"minecraft:oak_sign":1,"minecraft:shield":135,"minecraft:iron_sword":639,"minecraft:iron_chestplate":2,"minecraft:jungle_planks":16,"minecraft:carrot":13,"travelersbackpack:iron":15,"minecraft:obsidian":13,"minecraft:glass":52,"minecraft:iron_helmet":4,"minecraft:hay_block":37,"minecraft:gray_bed":1,"minecraft:chiseled_polished_blackstone":2,"minecraft:stone_pickaxe":106,"minecraft:oak_planks":660,"minecraft:sandstone":39,"minecraft:diamond_axe":240,"minecraft:sugar_cane":36,"minecraft:acacia_door":1,"minecraft:bread":203,"minecraft:melon_slice":182,"minecraft:gravel":11,"minecraft:andesite":1,"minecraft:air":1,"minecraft:bone_meal":3,"minecraft:experience_bottle":22,"minecraft:flint_and_steel":13,"minecraft:tropical_fish":7,"minecraft:cooked_chicken":1,"minecraft:oak_door":5,"minecraft:dirt":425,"alexsmobs:cooked_kangaroo_meat":3,"minecraft:granite":12,"alexsmobs:maggot":3,"minecraft:acacia_slab":2,"minecraft:iron_boots":2,"minecraft:cooked_beef":11,"minecraft:iron_leggings":2,"alexsmobs:boiled_emu_egg":1,"minecraft:cooked_mutton":21,"minecraft:glass_bottle":9,"minecraft:baked_potato":1,"minecraft:warped_roots":1,"minecraft:music_disc_cat":1,"irons_spellbooks:alchemist_cauldron":2,"minecraft:black_wool":1,"minecraft:stone_axe":107,"minecraft:white_banner":1,"minecraft:bucket":95,"alexsmobs:animal_dictionary":3,"minecraft:gray_wool":3,"minecraft:sculk_catalyst":2,"minecraft:splash_potion":1},"minecraft:broken":{"minecraft:golden_boots":2,"minecraft:iron_boots":2,"minecraft:iron_chestplate":1,"minecraft:wooden_pickaxe":1,"minecraft:shield":2,"minecraft:iron_axe":1,"minecraft:iron_pickaxe":3,"minecraft:iron_helmet":2,"minecraft:iron_shovel":2,"minecraft:stone_pickaxe":1,"minecraft:stone_axe":1},"minecraft:crafted":{"minecraft:oak_sign":3,"irons_spellbooks:archevoker_helmet":1,"minecraft:bookshelf":2,"minecraft:cooked_mutton":6,"minecraft:glass":91,"alexsmobs:cooked_catfish":6,"minecraft:gray_bed":1,"minecraft:glass_bottle":3,"minecraft:deepslate":3,"minecraft:emerald":2,"minecraft:cooked_porkchop":29,"travelersbackpack:lapis":1,"minecraft:acacia_slab":6,"travelersbackpack:standard":3,"minecraft:campfire":1,"minecraft:lectern":2,"minecraft:iron_pickaxe":7,"minecraft:gold_ingot":460,"irons_spellbooks:mana_ring":1,"irons_spellbooks:arcane_ingot":4,"minecraft:bone_meal":3,"travelersbackpack:white_sleeping_bag":1,"alexsmobs:blood_sprayer":2,"irons_spellbooks:gold_spell_book":2,"minecraft:wheat":1026,"minecraft:golden_apple":7,"minecraft:warped_fungus_on_a_stick":1,"minecraft:iron_shovel":1,"minecraft:iron_leggings":5,"irons_spellbooks:inscription_table":1,"minecraft:oak_planks":352,"travelersbackpack:iron":2,"irons_spellbooks:alchemist_cauldron":1,"minecraft:bow":1,"minecraft:iron_boots":6,"improvableskills:skills_book":2,"minecraft:chest":13,"minecraft:oak_fence":3,"minecraft:golden_boots":1,"minecraft:oak_slab":12,"minecraft:cauldron":1,"minecraft:crafting_table":2,"minecraft:iron_helmet":7,"minecraft:wooden_pickaxe":1,"minecraft:gold_block":42,"minecraft:book":1,"minecraft:iron_chestplate":7,"minecraft:paper":85,"irons_spellbooks:archevoker_chestplate":1,"minecraft:shield":3,"minecraft:stick":40,"minecraft:iron_ingot":280,"irons_spellbooks:magic_cloth":24,"irons_spellbooks:evocation_rune":2,"minecraft:shears":1,"artifacts:eternal_steak":1,"minecraft:oak_door":3,"minecraft:fishing_rod":1,"irons_spellbooks:eldritch_manuscript":5,"minecraft:furnace":3,"minecraft:flint_and_steel":2,"minecraft:iron_axe":4,"travelersbackpack:light_gray_sleeping_bag":1,"alexsmobs:kangaroo_burger":2,"minecraft:netherite_scrap":4,"minecraft:cooked_beef":55,"minecraft:red_dye":6,"travelersbackpack:backpack_tank":4,"irons_spellbooks:arcane_salvage":1,"alexsmobs:cooked_kangaroo_meat":3,"minecraft:iron_sword":4,"minecraft:cooked_salmon":14,"alexsmobs:boiled_emu_egg":1,"minecraft:bucket":4,"minecraft:stone_axe":1,"minecraft:air":0,"minecraft:bread":330,"minecraft:jungle_planks":24,"minecraft:oak_boat":1,"minecraft:white_wool":12,"minecraft:raw_gold":63,"minecraft:acacia_planks":24,"minecraft:torch":76,"minecraft:lapis_block":4},"minecraft:killed":{"minecraft:cave_spider":14,"alexsmobs:shoebill":1,"minecraft:skeleton":109,"alexsmobs:leafcutter_ant":3,"minecraft:chicken":1,"alexsmobs:straddler":11,"alexsmobs:laviathan":1,"alexsmobs:centipede_head":2,"minecraft:magma_cube":49,"minecraft:iron_golem":3,"minecraft:zombie":226,"alexsmobs:roadrunner":3,"minecraft:cow":24,"alexsmobs:raccoon":3,"alexsmobs:seagull":1,"alexsmobs:gorilla":6,"minecraft:warden":2,"alexsmobs:catfish":2,"alexsmobs:elephant":2,"minecraft:enderman":22,"minecraft:zombified_piglin":2,"minecraft:witch":3,"minecraft:spider":22,"irons_spellbooks:summoned_skeleton":8,"minecraft:piglin_brute":7,"alexsmobs:kangaroo":3,"artifacts:mimic":13,"minecraft:piglin":32,"minecraft:pig":33,"minecraft:zombie_villager":4,"alexsmobs:stradpole":8,"irons_spellbooks:necromancer":17,"minecraft:strider":2,"minecraft:creeper":25,"alexsmobs:crimson_mosquito":21,"alexsmobs:warped_toad":2,"minecraft:sheep":21,"alexsmobs:terrapin":1,"alexsmobs:toucan":1,"minecraft:ghast":4,"alexsmobs:fly":2,"minecraft:blaze":15,"alexsmobs:dropbear":1,"irons_spellbooks:summoned_zombie":33,"alexsmobs:tarantula_hawk":1,"alexsmobs:rattlesnake":1,"minecraft:phantom":35,"alexsmobs:bison":7,"minecraft:drowned":1,"alexsmobs:skreecher":10,"minecraft:bat":2,"minecraft:hoglin":10,"alexsmobs:emu":1,"alexsmobs:cockroach":1,"alexsmobs:gazelle":4,"alexsmobs:crow":2,"minecraft:wither_skeleton":7},"minecraft:picked_up":{"minecraft:wooden_axe":1,"minecraft:iron_chestplate":5,"minecraft:suspicious_stew":2,"minecraft:smithing_table":1,"minecraft:diamond_sword":8,"minecraft:enchanted_book":1,"minecraft:string":98,"minecraft:pufferfish":1,"minecraft:sculk_shrieker":1,"minecraft:cobbled_deepslate":914,"alexsmobs:emu_feather":2,"minecraft:diamond_leggings":4,"minecraft:gold_nugget":77,"irons_spellbooks:archevoker_chestplate":1,"minecraft:enchanted_golden_apple":1,"minecraft:melon_slice":241,"artifacts:universal_attractor":1,"minecraft:jukebox":1,"minecraft:acacia_log":7,"minecraft:golden_axe":2,"alexsmobs:centipede_leg":2,"travelersbackpack:iron":7,"minecraft:orange_bed":2,"artifacts:lucky_scarf":1,"minecraft:tropical_fish":12,"minecraft:white_terracotta":1,"minecraft:blaze_rod":12,"minecraft:birch_log":1,"minecraft:magma_block":4,"minecraft:feather":5,"minecraft:cooked_beef":37,"minecraft:water_bucket":1,"minecraft:jungle_log":68,"minecraft:smoker":1,"alexsmobs:bison_fur":11,"minecraft:flint":4,"alexsmobs:cooked_kangaroo_meat":2,"artifacts:flippers":2,"artifacts:antidote_vessel":2,"minecraft:moss_block":47,"minecraft:chiseled_polished_blackstone":18,"minecraft:warped_wart_block":3,"minecraft:ink_sac":32,"alexsmobs:animal_dictionary":2,"alexsmobs:kangaroo_hide":2,"artifacts:crystal_heart":1,"minecraft:granite":60,"minecraft:bread":300,"alexsmobs:maggot":5,"minecraft:diamond_pickaxe":3,"minecraft:crafting_table":33,"minecraft:nether_wart":20,"minecraft:clay_ball":4,"minecraft:cornflower":3,"alexsmobs:cooked_catfish":6,"minecraft:acacia_door":9,"minecraft:iron_shovel":2,"minecraft:cracked_stone_bricks":1,"minecraft:beef":93,"minecraft:poppy":10,"minecraft:chest":4,"minecraft:egg":8,"minecraft:sandstone":39,"minecraft:oak_door":3,"artifacts:charm_of_sinking":2,"alexsmobs:straddlite":1,"minecraft:carrot":33,"minecraft:redstone":1,"minecraft:prismarine_crystals":4,"irons_spellbooks:alchemist_cauldron":1,"irons_spellbooks:gold_spell_book":5,"artifacts:everlasting_beef":1,"minecraft:tnt":1,"travelersbackpack:snow":1,"alexsmobs:kangaroo_burger":1,"minecraft:hay_block":316,"minecraft:yellow_terracotta":1,"minecraft:gold_ingot":9,"artifacts:pocket_piston":8,"minecraft:glow_berries":44,"minecraft:mutton":42,"minecraft:rail":7,"irons_spellbooks:ancient_knowledge_fragment":3,"alexsmobs:kangaroo_meat":3,"minecraft:white_wool":27,"minecraft:stripped_oak_log":1,"alexsmobs:skreecher_soul":8,"minecraft:filled_map":3,"minecraft:oak_log":264,"minecraft:golden_boots":3,"alexsmobs:mosquito_proboscis":2,"minecraft:paper":10,"minecraft:white_banner":1,"minecraft:apple":9,"minecraft:spore_blossom":2,"minecraft:stone_pickaxe":7,"minecraft:glass_bottle":8,"minecraft:iron_sword":8,"minecraft:flowering_azalea":1,"minecraft:polished_andesite_stairs":1,"minecraft:sculk":13,"minecraft:gravel":85,"minecraft:crying_obsidian":8,"minecraft:leather_helmet":2,"irons_spellbooks:poisonward_ring":5,"travelersbackpack:standard":3,"minecraft:stone_axe":2,"minecraft:diamond_axe":5,"minecraft:gray_wool":7,"minecraft:warped_roots":3,"minecraft:baked_potato":1,"minecraft:melon_seeds":2,"minecraft:ender_pearl":12,"irons_spellbooks:scroll":15,"minecraft:wheat":4,"minecraft:yellow_wool":1,"minecraft:potion":1,"alexsmobs:gazelle_horn":3,"minecraft:raw_copper":13,"minecraft:iron_leggings":5,"minecraft:oak_sign":2,"minecraft:sea_pickle":216,"alexsmobs:dropbear_claw":2,"irons_spellbooks:arcane_essence":78,"alexsmobs:blood_sac":11,"minecraft:bucket":7,"minecraft:iron_pickaxe":10,"alexsmobs:raccoon_tail":2,"minecraft:furnace":1,"minecraft:iron_boots":7,"alexsmobs:leafcutter_ant_chamber":1,"minecraft:stick":61,"minecraft:acacia_fence":2,"minecraft:torch":114,"travelersbackpack:iron_tier_upgrade":1,"minecraft:porkchop":75,"minecraft:music_disc_pigstep":1,"minecraft:diorite":80,"minecraft:rotten_flesh":259,"alexsmobs:emu_egg":2,"artifacts:panic_necklace":3,"irons_spellbooks:cooldown_ring":3,"minecraft:obsidian":2,"minecraft:cobblestone":1982,"minecraft:leather_chestplate":1,"minecraft:magma_cream":2,"minecraft:andesite":7,"minecraft:golden_leggings":2,"minecraft:tuff":1,"artifacts:flame_pendant":2,"minecraft:dirt":678,"minecraft:lapis_lazuli":107,"minecraft:stripped_birch_log":1,"minecraft:name_tag":1,"minecraft:leather_boots":2,"irons_spellbooks:hogskin":11,"minecraft:bone":119,"minecraft:acacia_planks":83,"minecraft:bow":6,"minecraft:wheat_seeds":58,"minecraft:raw_gold":135,"minecraft:oak_planks":646,"minecraft:ghast_tear":3,"minecraft:cooked_porkchop":62,"minecraft:jungle_planks":9,"minecraft:sand":156,"minecraft:grass_block":3,"minecraft:clay":1,"minecraft:diamond":49,"minecraft:cracked_polished_blackstone_bricks":6,"minecraft:bone_meal":2,"minecraft:golden_apple":32,"minecraft:emerald":26,"minecraft:oak_sapling":38,"minecraft:netherrack":392,"minecraft:charcoal":2,"artifacts:night_vision_goggles":6,"minecraft:wooden_pickaxe":1,"alexsmobs:roadrunner_feather":1,"minecraft:gold_block":68,"minecraft:shield":9,"minecraft:moss_carpet":10,"minecraft:iron_axe":5,"artifacts:fire_gauntlet":2,"minecraft:blackstone":6,"improvableskills:scroll_normal":1,"minecraft:oak_boat":6,"irons_spellbooks:epic_ink":2,"minecraft:light_gray_wool":2,"minecraft:lectern":15,"minecraft:sugar_cane":63,"minecraft:phantom_membrane":12,"minecraft:raw_iron":395,"minecraft:polished_blackstone_bricks":26,"alexsmobs:leafcutter_ant_pupa":1,"minecraft:dark_oak_planks":3,"irons_spellbooks:mana_ring":1,"minecraft:arrow":129,"minecraft:jungle_stairs":1,"artifacts:cross_necklace":5,"minecraft:saddle":1,"minecraft:basalt":63,"artifacts:eternal_steak":5,"artifacts:digging_claws":2,"minecraft:glow_ink_sac":4,"minecraft:leather":32,"alexsmobs:cachalot_whale_tooth":1,"minecraft:gunpowder":16,"minecraft:orange_terracotta":2,"minecraft:cooked_mutton":23,"minecraft:iron_ingot":136,"minecraft:cooked_chicken":1,"irons_spellbooks:cinder_essence":1,"minecraft:acacia_sapling":3,"minecraft:soul_sand":1,"minecraft:sculk_catalyst":2,"minecraft:book":5,"minecraft:warped_fungus":1,"minecraft:dandelion":8,"minecraft:lava_bucket":1,"minecraft:amethyst_shard":52,"minecraft:blast_furnace":3,"minecraft:white_bed":4,"minecraft:spider_eye":7,"artifacts:helium_flamingo":6,"alexsmobs:raw_catfish":6,"minecraft:iron_helmet":6,"minecraft:black_wool":1,"minecraft:coal":347},"minecraft:killed_by":{"minecraft:piglin_brute":1,"alexsmobs:straddler":1,"alexsmobs:cachalot_whale":1,"minecraft:warden":1,"minecraft:creeper":1,"alexsmobs:elephant":1,"minecraft:player":2,"minecraft:enderman":2,"minecraft:iron_golem":1},"minecraft:dropped":{"minecraft:clay":1,"minecraft:iron_sword":5,"minecraft:porkchop":6,"minecraft:lapis_lazuli":11,"minecraft:cooked_beef":49,"minecraft:spore_blossom":2,"minecraft:glass_bottle":1,"minecraft:diamond":11,"minecraft:cooked_porkchop":21,"minecraft:warped_roots":2,"minecraft:cracked_stone_bricks":1,"minecraft:saddle":1,"artifacts:universal_attractor":2,"minecraft:rail":6,"minecraft:leather_helmet":3,"minecraft:dirt":259,"irons_spellbooks:epic_ink":2,"irons_spellbooks:arcane_essence":3,"irons_spellbooks:gold_spell_book":2,"minecraft:bone_meal":2,"minecraft:iron_pickaxe":3,"alexsmobs:raccoon_tail":1,"minecraft:white_wool":3,"minecraft:bone":26,"alexsmobs:gazelle_horn":3,"minecraft:iron_nugget":5,"minecraft:cobbled_deepslate":966,"minecraft:rotten_flesh":22,"minecraft:blaze_powder":6,"alexsmobs:emu_egg":1,"minecraft:jungle_stairs":1,"minecraft:charcoal":1,"minecraft:leather_boots":1,"artifacts:panic_necklace":3,"alexsmobs:blood_sprayer":1,"minecraft:beef":1,"minecraft:warped_wart_block":1,"minecraft:crying_obsidian":4,"irons_spellbooks:cast_time_ring":1,"minecraft:enchanted_book":1,"minecraft:golden_boots":2,"minecraft:iron_ingot":46,"minecraft:wheat_seeds":48,"minecraft:cobblestone":984,"minecraft:feather":4,"minecraft:prismarine_crystals":4,"minecraft:granite":18,"minecraft:coal":81,"minecraft:golden_apple":7,"minecraft:gray_wool":1,"minecraft:sculk":13,"minecraft:ink_sac":2,"minecraft:lodestone":1,"minecraft:cooked_salmon":13,"minecraft:red_dye":1,"minecraft:string":15,"artifacts:digging_claws":2,"minecraft:moss_carpet":2,"minecraft:deepslate":3,"minecraft:diamond_hoe":1,"minecraft:chicken":1,"minecraft:clay_ball":4,"minecraft:oak_sign":2,"minecraft:diamond_sword":2,"minecraft:hay_block":20,"minecraft:sea_pickle":816,"artifacts:eternal_steak":1,"minecraft:spider_eye":5,"minecraft:bow":3,"minecraft:magma_block":1,"artifacts:fire_gauntlet":2,"alexsmobs:straddlite":1,"minecraft:jungle_planks":3,"travelersbackpack:standard":1,"minecraft:flint":1,"minecraft:cracked_polished_blackstone_bricks":3,"alexsmobs:kangaroo_burger":3,"minecraft:mutton":12,"minecraft:polished_blackstone_bricks":14,"minecraft:acacia_door":7,"minecraft:gold_ingot":1,"minecraft:gravel":20,"minecraft:chiseled_polished_blackstone":8,"minecraft:blackstone":3,"minecraft:carrot":30,"minecraft:leather_chestplate":1,"minecraft:gunpowder":2,"minecraft:melon_seeds":2,"minecraft:basalt":12,"minecraft:arrow":30,"minecraft:bread":264,"minecraft:golden_axe":2,"minecraft:acacia_log":1,"minecraft:grass_block":1,"minecraft:stick":1,"irons_spellbooks:scroll":5,"minecraft:diorite":60,"minecraft:torch":65,"minecraft:melon_slice":51,"alexsmobs:maggot":2,"minecraft:raw_copper":13,"improvableskills:skills_book":1,"minecraft:flint_and_steel":1,"minecraft:filled_map":3,"minecraft:shield":1,"minecraft:iron_chestplate":1,"minecraft:golden_leggings":2,"minecraft:oak_sapling":4,"minecraft:stone_pickaxe":2},"minecraft:mined":{"minecraft:white_bed":4,"minecraft:jungle_leaves":5,"minecraft:obsidian":1,"minecraft:granite":31,"minecraft:chiseled_polished_blackstone":10,"minecraft:acacia_log":5,"minecraft:jungle_log":64,"travelersbackpack:iron":6,"minecraft:nether_wart":20,"minecraft:spawner":15,"minecraft:polished_blackstone_bricks":15,"minecraft:tall_seagrass":2,"minecraft:magma_block":1,"minecraft:fire":75,"minecraft:deepslate_lapis_ore":2,"minecraft:sculk_shrieker":31,"minecraft:cave_vines":1,"minecraft:orange_bed":2,"minecraft:smoker":1,"minecraft:crimson_nylium":2,"minecraft:soul_fire":3,"minecraft:amethyst_cluster":13,"minecraft:torch":11,"minecraft:blast_furnace":1,"minecraft:melon":39,"minecraft:polished_andesite_stairs":1,"minecraft:sugar_cane":36,"minecraft:white_terracotta":1,"minecraft:wheat":1,"minecraft:jukebox":1,"minecraft:warped_fungus":1,"minecraft:potted_poppy":1,"minecraft:grass":175,"minecraft:deepslate":22,"minecraft:yellow_terracotta":1,"minecraft:stripped_birch_log":1,"minecraft:purple_candle":1,"minecraft:jungle_planks":8,"minecraft:crimson_roots":2,"alexsmobs:leafcutter_ant_chamber":1,"minecraft:moss_block":31,"minecraft:andesite":4,"minecraft:vine":3,"minecraft:rail":1,"minecraft:white_wool":12,"minecraft:smithing_table":1,"minecraft:soul_sand":1,"minecraft:dandelion":2,"minecraft:cornflower":1,"minecraft:emerald_ore":25,"minecraft:warped_roots":1,"minecraft:campfire":1,"minecraft:tall_grass":16,"minecraft:deepslate_gold_ore":92,"minecraft:warped_wart_block":2,"minecraft:birch_leaves":1,"minecraft:gravel":12,"minecraft:cobweb":44,"minecraft:acacia_planks":2,"minecraft:gold_ore":13,"minecraft:fern":19,"minecraft:sculk_vein":398,"minecraft:cave_vines_plant":1,"minecraft:grass_block":478,"minecraft:cracked_polished_blackstone_bricks":3,"minecraft:sculk_catalyst":21,"minecraft:iron_ore":243,"minecraft:blackstone":4,"irons_spellbooks:alchemist_cauldron":1,"minecraft:orange_terracotta":1,"minecraft:jungle_stairs":1,"minecraft:poppy":7,"minecraft:chest":4,"minecraft:cobblestone":73,"minecraft:oak_planks":106,"minecraft:wall_torch":5,"minecraft:warped_nylium":7,"minecraft:birch_log":1,"minecraft:yellow_wool":1,"minecraft:tnt":1,"minecraft:oak_log":173,"minecraft:acacia_fence":2,"minecraft:sand":96,"minecraft:dirt":44,"minecraft:netherrack":163,"minecraft:oak_leaves":75,"minecraft:nether_gold_ore":21,"minecraft:crying_obsidian":8,"minecraft:tuff":1,"minecraft:deepslate_diamond_ore":33,"minecraft:oak_door":1,"minecraft:spruce_leaves":7,"minecraft:sandstone":43,"minecraft:hay_block":267,"minecraft:furnace":1,"minecraft:gold_block":42,"minecraft:deepslate_iron_ore":53,"minecraft:stone":163,"minecraft:basalt":7,"minecraft:crafting_table":24,"minecraft:sculk_sensor":86,"minecraft:lectern":15,"minecraft:lapis_ore":7,"minecraft:sculk":5577,"minecraft:gray_wool":6,"minecraft:coal_ore":223,"minecraft:cracked_stone_bricks":1}},"DataVersion":3120}