{"stats":{"minecraft:used":{"minecraft:moss_block":1,"minecraft:tropical_fish":7,"minecraft:stone_pickaxe":65,"minecraft:oak_planks":2,"minecraft:wooden_pickaxe":57,"minecraft:sandstone":4,"minecraft:rotten_flesh":5,"minecraft:stone_axe":18,"minecraft:torch":19,"minecraft:glow_berries":40,"minecraft:sand":32,"minecraft:cobblestone":11,"minecraft:crafting_table":1,"minecraft:cobbled_deepslate":1},"minecraft:dropped":{"minecraft:clay":1,"minecraft:spore_blossom":2,"minecraft:bone_meal":2,"minecraft:arrow":4,"minecraft:stone_pickaxe":2,"minecraft:bone":2},"minecraft:custom":{"minecraft:time_since_rest":8980,"minecraft:sprint_one_cm":70065,"minecraft:damage_taken":1580,"minecraft:walk_one_cm":120980,"minecraft:mob_kills":12,"minecraft:drop":11,"minecraft:damage_dealt":2321,"minecraft:swim_one_cm":1280,"minecraft:interact_with_crafting_table":3,"minecraft:fly_one_cm":76692,"minecraft:crouch_one_cm":1974,"minecraft:play_time":35542,"minecraft:deaths":4,"minecraft:sneak_time":887,"minecraft:walk_under_water_one_cm":4897,"minecraft:jump":716,"minecraft:walk_on_water_one_cm":14880,"minecraft:time_since_death":8953,"minecraft:climb_one_cm":1137,"minecraft:total_world_time":35542,"minecraft:fall_one_cm":26360},"minecraft:broken":{"minecraft:wooden_pickaxe":1},"minecraft:picked_up":{"minecraft:crafting_table":4,"minecraft:stick":8,"minecraft:raw_iron":75,"minecraft:sandstone":4,"minecraft:torch":45,"minecraft:wooden_pickaxe":1,"minecraft:sand":43,"minecraft:oak_log":2,"minecraft:lapis_lazuli":27,"minecraft:rotten_flesh":5,"minecraft:arrow":4,"minecraft:bone":2,"minecraft:clay":1,"minecraft:tropical_fish":12,"minecraft:stone_axe":2,"minecraft:cobbled_deepslate":1,"minecraft:spore_blossom":2,"minecraft:stone_pickaxe":6,"minecraft:bone_meal":2,"minecraft:moss_block":1,"minecraft:glow_berries":34,"minecraft:oak_planks":12,"minecraft:coal":4,"minecraft:cobblestone":168},"minecraft:mined":{"minecraft:iron_ore":13,"minecraft:deepslate_lapis_ore":1,"minecraft:crafting_table":2,"minecraft:torch":6,"minecraft:cave_vines_plant":1,"minecraft:grass":1,"minecraft:oak_log":2,"minecraft:coal_ore":4,"minecraft:deepslate_iron_ore":27,"minecraft:sand":9,"minecraft:deepslate":1,"minecraft:lapis_ore":2,"minecraft:stone":48,"minecraft:moss_block":1,"minecraft:oak_planks":1,"minecraft:wall_torch":1,"minecraft:sandstone":3,"minecraft:fern":1},"minecraft:killed":{"minecraft:skeleton":1,"minecraft:zombie":3,"minecraft:spider":1,"minecraft:enderman":1},"minecraft:killed_by":{"minecraft:enderman":2},"minecraft:crafted":{"minecraft:oak_planks":8,"minecraft:stick":8,"minecraft:wooden_pickaxe":1,"minecraft:torch":16,"minecraft:stone_axe":1}},"DataVersion":3120}