{"stats":{"minecraft:used":{"minecraft:moss_block":2,"minecraft:moss_carpet":8,"minecraft:tropical_fish":7,"minecraft:stone_pickaxe":83,"minecraft:oak_planks":2,"minecraft:wooden_pickaxe":57,"minecraft:sandstone":4,"minecraft:rotten_flesh":16,"minecraft:iron_chestplate":1,"minecraft:torch":27,"minecraft:glow_berries":55,"minecraft:sand":32,"minecraft:crafting_table":3,"minecraft:flowering_azalea":1,"minecraft:melon_slice":7,"minecraft:iron_boots":1,"minecraft:stone_axe":107,"minecraft:cobblestone":39,"minecraft:oak_sapling":1,"minecraft:furnace":1,"minecraft:bone_meal":3,"minecraft:cobbled_deepslate":1},"minecraft:dropped":{"minecraft:clay":1,"minecraft:moss_carpet":2,"minecraft:spore_blossom":2,"minecraft:clay_ball":4,"minecraft:leather_helmet":3,"minecraft:shield":1,"minecraft:melon_slice":13,"minecraft:spider_eye":1,"minecraft:bone_meal":2,"minecraft:arrow":5,"minecraft:stone_pickaxe":2,"minecraft:bone":3},"minecraft:custom":{"minecraft:interact_with_furnace":12,"minecraft:mob_kills":15,"minecraft:interact_with_crafting_table":7,"minecraft:leave_game":1,"minecraft:time_since_death":2533,"minecraft:climb_one_cm":5361,"minecraft:time_since_rest":2576,"minecraft:sprint_one_cm":90508,"minecraft:damage_taken":2053,"minecraft:walk_one_cm":207222,"minecraft:drop":22,"minecraft:damage_dealt":2967,"minecraft:swim_one_cm":103238,"minecraft:fly_one_cm":91894,"minecraft:open_chest":3,"minecraft:crouch_one_cm":4236,"minecraft:deaths":5,"minecraft:play_time":70531,"minecraft:sneak_time":2689,"minecraft:walk_under_water_one_cm":20676,"minecraft:jump":1167,"minecraft:walk_on_water_one_cm":24562,"minecraft:total_world_time":70531,"minecraft:fall_one_cm":31905},"minecraft:broken":{"minecraft:stone_axe":1,"minecraft:wooden_pickaxe":1},"minecraft:picked_up":{"minecraft:iron_chestplate":1,"minecraft:crafting_table":6,"minecraft:clay_ball":4,"minecraft:suspicious_stew":1,"minecraft:jungle_log":68,"minecraft:wooden_pickaxe":1,"minecraft:filled_map":1,"minecraft:oak_log":2,"minecraft:shield":1,"minecraft:lapis_lazuli":33,"minecraft:paper":10,"minecraft:moss_carpet":10,"minecraft:leather_boots":1,"minecraft:bone":8,"minecraft:cobbled_deepslate":1,"minecraft:spore_blossom":2,"minecraft:stone_pickaxe":7,"minecraft:melon_slice":34,"minecraft:moss_block":34,"minecraft:flowering_azalea":1,"minecraft:oak_planks":13,"minecraft:iron_boots":1,"minecraft:book":5,"minecraft:raw_iron":103,"minecraft:stick":28,"minecraft:sandstone":4,"minecraft:torch":51,"minecraft:jungle_planks":2,"minecraft:sand":43,"minecraft:carrot":14,"minecraft:spider_eye":1,"minecraft:leather_helmet":2,"minecraft:arrow":5,"minecraft:rotten_flesh":19,"minecraft:clay":1,"minecraft:tropical_fish":12,"minecraft:stone_axe":2,"minecraft:bone_meal":2,"minecraft:oak_sapling":1,"minecraft:coal":8,"minecraft:glow_berries":44,"minecraft:cobblestone":172},"minecraft:mined":{"minecraft:jungle_leaves":5,"minecraft:crafting_table":3,"minecraft:torch":7,"minecraft:cave_vines_plant":1,"minecraft:melon":5,"minecraft:jungle_log":64,"minecraft:cobblestone":2,"minecraft:lapis_ore":2,"minecraft:oak_planks":1,"minecraft:moss_block":18,"minecraft:sandstone":3,"minecraft:wall_torch":2,"minecraft:iron_ore":21,"minecraft:deepslate_lapis_ore":1,"minecraft:grass":4,"minecraft:vine":2,"minecraft:coal_ore":4,"minecraft:oak_log":2,"minecraft:cave_vines":1,"minecraft:deepslate_iron_ore":30,"minecraft:sand":9,"minecraft:stone":48,"minecraft:oak_leaves":1,"minecraft:fern":1,"minecraft:deepslate":1},"minecraft:killed":{"minecraft:spider":1,"minecraft:skeleton":1,"minecraft:zombie":7,"minecraft:enderman":1},"minecraft:killed_by":{"minecraft:enderman":2},"minecraft:crafted":{"minecraft:oak_planks":8,"minecraft:wooden_pickaxe":1,"minecraft:furnace":1,"minecraft:bone_meal":3,"minecraft:stone_axe":1,"minecraft:air":0,"minecraft:jungle_planks":8,"minecraft:iron_boots":1,"minecraft:iron_chestplate":1,"minecraft:shield":2,"minecraft:stick":8,"minecraft:iron_ingot":14,"minecraft:torch":16}},"DataVersion":3120}