{"stats":{"minecraft:broken":{"minecraft:golden_boots":1,"minecraft:wooden_pickaxe":1,"minecraft:stone_pickaxe":1,"minecraft:stone_axe":1,"minecraft:iron_pickaxe":1},"minecraft:custom":{"minecraft:interact_with_smithing_table":2,"minecraft:mob_kills":202,"minecraft:interact_with_crafting_table":62,"minecraft:open_barrel":14,"minecraft:leave_game":3,"minecraft:time_since_death":130541,"minecraft:climb_one_cm":23685,"minecraft:sprint_one_cm":1037949,"minecraft:walk_one_cm":1129074,"minecraft:damage_blocked_by_shield":2380,"minecraft:drop":90,"minecraft:talked_to_villager":38,"minecraft:play_time":444201,"minecraft:sneak_time":18340,"minecraft:deaths":10,"minecraft:walk_under_water_one_cm":109477,"minecraft:boat_one_cm":98475,"minecraft:jump":7949,"minecraft:interact_with_blast_furnace":3,"minecraft:walk_on_water_one_cm":124470,"minecraft:total_world_time":444201,"minecraft:interact_with_furnace":54,"minecraft:traded_with_villager":1,"minecraft:interact_with_cartography_table":1,"minecraft:sleep_in_bed":7,"minecraft:time_since_rest":130570,"minecraft:damage_taken":9637,"minecraft:damage_dealt":29967,"minecraft:swim_one_cm":417850,"minecraft:fly_one_cm":1317548,"minecraft:open_chest":138,"minecraft:crouch_one_cm":53345,"minecraft:interact_with_smoker":6,"minecraft:fall_one_cm":254130,"minecraft:horse_one_cm":15301},"minecraft:picked_up":{"minecraft:iron_chestplate":1,"minecraft:crafting_table":17,"minecraft:nether_wart":20,"minecraft:clay_ball":4,"minecraft:suspicious_stew":1,"minecraft:wooden_pickaxe":1,"minecraft:gold_block":7,"minecraft:shield":4,"minecraft:string":16,"minecraft:moss_carpet":10,"minecraft:iron_axe":3,"minecraft:acacia_door":9,"minecraft:iron_leggings":2,"minecraft:iron_shovel":1,"minecraft:blackstone":1,"alexsmobs:dropbear_claw":2,"minecraft:cracked_stone_bricks":1,"minecraft:gold_nugget":75,"minecraft:cobbled_deepslate":4,"minecraft:bucket":2,"minecraft:beef":46,"minecraft:poppy":6,"minecraft:oak_boat":5,"minecraft:iron_pickaxe":3,"minecraft:lectern":10,"minecraft:melon_slice":130,"minecraft:sugar_cane":11,"minecraft:phantom_membrane":2,"minecraft:furnace":1,"minecraft:iron_boots":3,"minecraft:egg":8,"minecraft:stick":45,"minecraft:raw_iron":215,"minecraft:sandstone":39,"minecraft:torch":63,"minecraft:acacia_log":7,"minecraft:porkchop":72,"minecraft:diorite":3,"minecraft:carrot":32,"minecraft:prismarine_crystals":4,"minecraft:arrow":22,"minecraft:rotten_flesh":43,"minecraft:tropical_fish":12,"minecraft:jungle_stairs":1,"minecraft:hay_block":67,"minecraft:gold_ingot":8,"minecraft:blaze_rod":6,"minecraft:glow_berries":44,"minecraft:mutton":29,"minecraft:rail":1,"minecraft:white_wool":10,"minecraft:cobblestone":257,"minecraft:birch_log":1,"minecraft:magma_block":3,"minecraft:magma_cream":2,"minecraft:basalt":32,"minecraft:andesite":1,"minecraft:jungle_log":68,"minecraft:leather":20,"minecraft:smoker":1,"minecraft:filled_map":3,"alexsmobs:cachalot_whale_tooth":1,"minecraft:flint":3,"minecraft:oak_log":111,"minecraft:golden_boots":1,"minecraft:gunpowder":1,"minecraft:lapis_lazuli":49,"minecraft:stripped_birch_log":1,"minecraft:paper":10,"minecraft:cooked_mutton":19,"minecraft:leather_boots":1,"minecraft:bone":55,"minecraft:acacia_planks":1,"minecraft:apple":4,"minecraft:bow":1,"minecraft:wheat_seeds":30,"minecraft:raw_gold":26,"minecraft:spore_blossom":2,"minecraft:iron_ingot":60,"minecraft:stone_pickaxe":7,"minecraft:soul_sand":1,"minecraft:moss_block":47,"minecraft:iron_sword":4,"minecraft:oak_planks":263,"minecraft:flowering_azalea":1,"minecraft:ghast_tear":1,"minecraft:book":5,"minecraft:warped_fungus":1,"minecraft:cooked_porkchop":13,"minecraft:warped_wart_block":3,"minecraft:gravel":11,"minecraft:lava_bucket":1,"minecraft:sand":62,"minecraft:jungle_planks":9,"minecraft:ink_sac":2,"minecraft:white_bed":4,"minecraft:spider_eye":1,"minecraft:leather_helmet":2,"alexsmobs:raw_catfish":3,"minecraft:clay":1,"minecraft:diamond":8,"minecraft:stone_axe":2,"minecraft:iron_helmet":2,"minecraft:bone_meal":2,"minecraft:gray_wool":1,"minecraft:golden_apple":8,"minecraft:warped_roots":2,"minecraft:bread":59,"minecraft:oak_sapling":18,"minecraft:netherrack":70,"minecraft:coal":260},"minecraft:crafted":{"minecraft:oak_planks":60,"minecraft:fishing_rod":1,"mahoutsukai:guidebook":1,"minecraft:furnace":2,"minecraft:bone_meal":3,"minecraft:bookshelf":1,"minecraft:flint_and_steel":1,"minecraft:cooked_mutton":2,"minecraft:iron_boots":2,"improvableskills:skills_book":2,"minecraft:iron_axe":3,"minecraft:chest":3,"minecraft:wheat":414,"minecraft:cooked_beef":9,"minecraft:red_dye":6,"minecraft:emerald":1,"minecraft:cooked_porkchop":20,"minecraft:crafting_table":1,"minecraft:acacia_slab":6,"minecraft:wooden_pickaxe":1,"minecraft:iron_helmet":2,"minecraft:iron_sword":3,"minecraft:bucket":4,"minecraft:stone_axe":1,"minecraft:bread":138,"minecraft:air":0,"minecraft:jungle_planks":24,"minecraft:oak_boat":1,"minecraft:lectern":1,"minecraft:iron_chestplate":3,"minecraft:paper":9,"minecraft:golden_apple":4,"minecraft:shield":2,"minecraft:warped_fungus_on_a_stick":1,"minecraft:raw_gold":63,"minecraft:stick":24,"minecraft:iron_ingot":148,"minecraft:iron_pickaxe":4,"minecraft:iron_leggings":3,"minecraft:gold_ingot":153,"minecraft:acacia_planks":24,"minecraft:torch":40},"minecraft:killed":{"alexsmobs:dropbear":1,"minecraft:zombified_piglin":1,"minecraft:spider":3,"minecraft:phantom":3,"minecraft:skeleton":23,"alexsmobs:laviathan":1,"alexsmobs:straddler":3,"minecraft:drowned":1,"minecraft:magma_cube":29,"minecraft:piglin":3,"minecraft:pig":32,"minecraft:zombie_villager":2,"minecraft:iron_golem":2,"alexsmobs:stradpole":1,"minecraft:strider":1,"alexsmobs:warped_toad":2,"minecraft:sheep":10,"alexsmobs:catfish":1,"minecraft:zombie":29,"minecraft:ghast":2,"minecraft:wither_skeleton":2,"minecraft:blaze":12,"minecraft:enderman":5,"minecraft:cow":21},"minecraft:used":{"minecraft:moss_block":31,"minecraft:moss_carpet":8,"minecraft:tropical_fish":7,"minecraft:chest":3,"minecraft:shield":72,"minecraft:iron_sword":372,"minecraft:netherrack":67,"minecraft:rotten_flesh":23,"minecraft:iron_chestplate":2,"minecraft:torch":64,"minecraft:warped_wart_block":2,"minecraft:jungle_planks":16,"minecraft:carrot":13,"minecraft:flowering_azalea":1,"minecraft:lava_bucket":15,"minecraft:iron_axe":274,"minecraft:acacia_slab":2,"minecraft:iron_helmet":4,"minecraft:iron_boots":2,"minecraft:basalt":4,"minecraft:hay_block":15,"minecraft:oak_sapling":18,"minecraft:furnace":3,"minecraft:cooked_cod":7,"minecraft:egg":7,"minecraft:cobbled_deepslate":3,"minecraft:iron_leggings":2,"minecraft:wheat_seeds":1,"minecraft:cooked_mutton":20,"minecraft:water_bucket":32,"minecraft:diorite":3,"minecraft:warped_fungus_on_a_stick":3,"minecraft:stripped_birch_log":1,"minecraft:oak_planks":129,"minecraft:stone_pickaxe":106,"minecraft:blackstone":1,"minecraft:wooden_pickaxe":57,"minecraft:mossy_stone_brick_stairs":1,"minecraft:sandstone":39,"minecraft:warped_roots":1,"minecraft:cracked_stone_bricks":1,"minecraft:glow_berries":62,"minecraft:sand":32,"minecraft:rail":1,"minecraft:crafting_table":13,"minecraft:white_bed":3,"minecraft:oak_log":10,"minecraft:acacia_door":1,"minecraft:iron_pickaxe":493,"minecraft:melon_slice":75,"minecraft:bread":75,"minecraft:lectern":11,"minecraft:gravel":11,"minecraft:stone_axe":107,"minecraft:cobblestone":84,"minecraft:cooked_porkchop":2,"minecraft:andesite":1,"minecraft:bucket":47,"minecraft:birch_log":1,"minecraft:oak_boat":4,"alexsmobs:animal_dictionary":1,"minecraft:bone_meal":3},"minecraft:mined":{"minecraft:nether_gold_ore":20,"minecraft:white_bed":4,"minecraft:deepslate_diamond_ore":1,"minecraft:jungle_leaves":5,"minecraft:stripped_birch_log":1,"minecraft:cave_vines_plant":1,"minecraft:acacia_log":5,"minecraft:jungle_planks":8,"minecraft:jungle_log":64,"minecraft:nether_wart":20,"minecraft:sandstone":43,"minecraft:moss_block":31,"minecraft:hay_block":67,"minecraft:tall_seagrass":2,"minecraft:furnace":1,"minecraft:iron_ore":126,"minecraft:fire":41,"minecraft:andesite":4,"minecraft:deepslate_lapis_ore":1,"minecraft:gold_block":1,"minecraft:vine":2,"minecraft:cave_vines":1,"minecraft:deepslate_iron_ore":34,"minecraft:rail":1,"minecraft:stone":100,"minecraft:soul_sand":1,"minecraft:blackstone":1,"minecraft:smoker":1,"minecraft:basalt":3,"minecraft:torch":10,"minecraft:crafting_table":13,"minecraft:jungle_stairs":1,"minecraft:poppy":6,"minecraft:melon":18,"minecraft:warped_roots":1,"minecraft:lectern":10,"minecraft:tall_grass":2,"minecraft:cobblestone":19,"minecraft:deepslate_gold_ore":7,"minecraft:lapis_ore":3,"minecraft:oak_planks":13,"minecraft:sugar_cane":4,"minecraft:wall_torch":3,"minecraft:warped_wart_block":2,"minecraft:warped_nylium":7,"minecraft:birch_log":1,"minecraft:wheat":1,"minecraft:warped_fungus":1,"minecraft:grass":99,"minecraft:coal_ore":156,"minecraft:oak_log":100,"minecraft:gravel":10,"minecraft:sand":27,"minecraft:cracked_stone_bricks":1,"minecraft:acacia_planks":1,"minecraft:netherrack":65,"minecraft:gold_ore":5,"minecraft:oak_leaves":32,"minecraft:deepslate":3,"minecraft:fern":19},"minecraft:killed_by":{"minecraft:enderman":2,"minecraft:iron_golem":1,"alexsmobs:straddler":1,"alexsmobs:cachalot_whale":1},"minecraft:dropped":{"minecraft:iron_ingot":46,"minecraft:bread":29,"minecraft:clay":1,"minecraft:iron_sword":2,"minecraft:porkchop":3,"minecraft:wheat_seeds":30,"minecraft:lapis_lazuli":2,"minecraft:spore_blossom":2,"minecraft:prismarine_crystals":4,"minecraft:warped_roots":1,"minecraft:jungle_planks":3,"minecraft:acacia_log":1,"minecraft:golden_apple":2,"minecraft:leather_helmet":3,"minecraft:coal":55,"minecraft:stick":1,"minecraft:gray_wool":1,"minecraft:ink_sac":2,"minecraft:mutton":9,"minecraft:melon_slice":50,"minecraft:bone_meal":2,"minecraft:red_dye":1,"minecraft:iron_pickaxe":1,"minecraft:acacia_door":7,"minecraft:white_wool":3,"minecraft:bone":11,"minecraft:moss_carpet":2,"minecraft:rotten_flesh":7,"minecraft:clay_ball":4,"improvableskills:skills_book":1,"minecraft:carrot":24,"minecraft:flint_and_steel":1,"minecraft:filled_map":3,"minecraft:shield":1,"minecraft:jungle_stairs":1,"minecraft:leather_boots":1,"minecraft:spider_eye":1,"minecraft:basalt":3,"minecraft:arrow":8,"minecraft:stone_pickaxe":2,"minecraft:warped_wart_block":1}},"DataVersion":3120}