{"stats":{"minecraft:custom":{"minecraft:interact_with_crafting_table":85,"minecraft:open_barrel":18,"minecraft:leave_game":5,"minecraft:time_since_death":53459,"minecraft:sprint_one_cm":1383113,"minecraft:damage_blocked_by_shield":3110,"minecraft:drop":142,"minecraft:talked_to_villager":44,"minecraft:play_time":634167,"minecraft:deaths":11,"minecraft:jump":10140,"minecraft:walk_on_water_one_cm":155776,"minecraft:interact_with_furnace":73,"minecraft:traded_with_villager":1,"minecraft:interact_with_cartography_table":1,"minecraft:sleep_in_bed":11,"minecraft:damage_dealt":53484,"minecraft:crouch_one_cm":60671,"minecraft:interact_with_smoker":6,"minecraft:horse_one_cm":2652158,"minecraft:interact_with_smithing_table":2,"minecraft:mob_kills":322,"minecraft:climb_one_cm":41223,"minecraft:walk_one_cm":1559871,"minecraft:sneak_time":21159,"minecraft:walk_under_water_one_cm":133954,"minecraft:boat_one_cm":98475,"minecraft:interact_with_blast_furnace":3,"minecraft:total_world_time":634167,"minecraft:time_since_rest":2637,"minecraft:damage_taken":12950,"minecraft:damage_absorbed":80,"minecraft:swim_one_cm":429023,"minecraft:fly_one_cm":1722663,"minecraft:open_chest":226,"minecraft:fall_one_cm":479281},"minecraft:used":{"minecraft:moss_block":31,"minecraft:moss_carpet":8,"minecraft:iron_shovel":8,"minecraft:chest":3,"minecraft:shield":89,"minecraft:iron_sword":639,"minecraft:rotten_flesh":99,"minecraft:iron_chestplate":2,"minecraft:jungle_planks":16,"minecraft:carrot":13,"travelersbackpack:iron":5,"minecraft:obsidian":1,"minecraft:lava_bucket":15,"minecraft:grass_block":1,"minecraft:iron_helmet":4,"minecraft:hay_block":15,"minecraft:furnace":4,"minecraft:oak_sapling":18,"minecraft:cooked_cod":7,"minecraft:acacia_fence":2,"minecraft:egg":7,"minecraft:diorite":3,"minecraft:warped_fungus_on_a_stick":3,"minecraft:stripped_birch_log":1,"minecraft:stone_pickaxe":106,"minecraft:oak_planks":147,"minecraft:blackstone":1,"minecraft:wooden_pickaxe":57,"minecraft:mossy_stone_brick_stairs":1,"minecraft:sandstone":39,"minecraft:diamond_axe":89,"minecraft:golden_apple":2,"minecraft:glow_berries":62,"minecraft:sand":32,"minecraft:acacia_door":1,"minecraft:bread":75,"minecraft:melon_slice":182,"minecraft:lectern":11,"minecraft:gravel":11,"minecraft:birch_log":1,"minecraft:andesite":1,"minecraft:oak_boat":4,"alexsmobs:leafcutter_ant_chamber":1,"minecraft:bone_meal":3,"minecraft:experience_bottle":3,"minecraft:tropical_fish":7,"minecraft:netherrack":67,"minecraft:orange_bed":2,"minecraft:torch":96,"minecraft:dirt":17,"minecraft:warped_wart_block":2,"alexsmobs:maggot":2,"minecraft:flowering_azalea":1,"minecraft:iron_axe":343,"minecraft:acacia_slab":2,"minecraft:iron_boots":2,"minecraft:basalt":4,"minecraft:cobbled_deepslate":6,"minecraft:iron_leggings":2,"minecraft:wheat_seeds":1,"minecraft:cooked_mutton":20,"minecraft:water_bucket":52,"minecraft:cracked_stone_bricks":1,"minecraft:warped_roots":1,"minecraft:rail":1,"minecraft:crafting_table":15,"minecraft:white_bed":4,"alexsmobs:leafcutter_ant_pupa":1,"minecraft:oak_log":10,"minecraft:black_wool":1,"minecraft:iron_pickaxe":622,"minecraft:stone_axe":107,"minecraft:cobblestone":108,"minecraft:potion":1,"minecraft:porkchop":1,"minecraft:cooked_porkchop":2,"minecraft:bucket":68,"alexsmobs:animal_dictionary":3,"minecraft:splash_potion":1},"minecraft:broken":{"minecraft:golden_boots":1,"minecraft:stone_pickaxe":1,"minecraft:stone_axe":1,"minecraft:wooden_pickaxe":1,"minecraft:shield":1,"minecraft:iron_pickaxe":2},"minecraft:crafted":{"minecraft:oak_planks":76,"travelersbackpack:iron":1,"minecraft:bookshelf":1,"minecraft:cooked_mutton":2,"minecraft:glass":28,"minecraft:iron_boots":3,"improvableskills:skills_book":2,"minecraft:chest":5,"minecraft:emerald":1,"minecraft:cooked_porkchop":20,"minecraft:crafting_table":1,"minecraft:acacia_slab":6,"travelersbackpack:standard":2,"minecraft:wooden_pickaxe":1,"minecraft:iron_helmet":3,"minecraft:gold_block":17,"minecraft:lectern":1,"minecraft:iron_chestplate":4,"minecraft:paper":9,"minecraft:shield":2,"minecraft:stick":32,"minecraft:iron_ingot":148,"minecraft:iron_pickaxe":5,"minecraft:gold_ingot":171,"minecraft:fishing_rod":1,"minecraft:furnace":2,"minecraft:bone_meal":3,"minecraft:flint_and_steel":1,"travelersbackpack:white_sleeping_bag":1,"minecraft:iron_axe":4,"travelersbackpack:light_gray_sleeping_bag":1,"minecraft:wheat":450,"minecraft:cooked_beef":9,"minecraft:red_dye":6,"travelersbackpack:backpack_tank":4,"minecraft:iron_sword":4,"minecraft:bucket":4,"minecraft:stone_axe":1,"minecraft:bread":138,"minecraft:air":0,"minecraft:jungle_planks":24,"minecraft:oak_boat":1,"minecraft:golden_apple":4,"minecraft:warped_fungus_on_a_stick":1,"minecraft:raw_gold":63,"minecraft:iron_leggings":3,"minecraft:acacia_planks":24,"minecraft:torch":72},"minecraft:killed":{"minecraft:cave_spider":5,"minecraft:zombified_piglin":1,"minecraft:spider":5,"minecraft:skeleton":39,"alexsmobs:leafcutter_ant":3,"alexsmobs:straddler":3,"alexsmobs:laviathan":1,"alexsmobs:kangaroo":1,"minecraft:magma_cube":29,"minecraft:piglin":3,"minecraft:pig":33,"minecraft:zombie_villager":2,"minecraft:iron_golem":2,"alexsmobs:stradpole":1,"irons_spellbooks:necromancer":1,"minecraft:strider":1,"minecraft:creeper":2,"alexsmobs:warped_toad":2,"minecraft:sheep":17,"minecraft:zombie":79,"alexsmobs:terrapin":1,"minecraft:ghast":2,"alexsmobs:fly":1,"minecraft:cow":22,"minecraft:blaze":12,"alexsmobs:dropbear":1,"irons_spellbooks:summoned_zombie":5,"alexsmobs:raccoon":3,"alexsmobs:seagull":1,"alexsmobs:gorilla":6,"minecraft:phantom":5,"alexsmobs:bison":4,"minecraft:drowned":1,"alexsmobs:emu":1,"alexsmobs:catfish":2,"alexsmobs:gazelle":3,"minecraft:wither_skeleton":2,"minecraft:enderman":7},"minecraft:picked_up":{"irons_spellbooks:scroll":1,"minecraft:iron_chestplate":2,"minecraft:suspicious_stew":2,"alexsmobs:gazelle_horn":2,"minecraft:string":47,"minecraft:iron_leggings":3,"alexsmobs:dropbear_claw":2,"irons_spellbooks:arcane_essence":34,"alexsmobs:emu_feather":2,"minecraft:gold_nugget":75,"minecraft:cobbled_deepslate":7,"minecraft:bucket":2,"minecraft:iron_pickaxe":5,"alexsmobs:raccoon_tail":1,"minecraft:enchanted_golden_apple":1,"minecraft:melon_slice":241,"alexsmobs:leafcutter_ant_chamber":1,"minecraft:iron_boots":4,"minecraft:furnace":1,"minecraft:stick":46,"minecraft:acacia_fence":2,"minecraft:torch":110,"minecraft:acacia_log":7,"travelersbackpack:iron_tier_upgrade":1,"minecraft:porkchop":73,"minecraft:diorite":3,"travelersbackpack:iron":2,"minecraft:orange_bed":2,"minecraft:rotten_flesh":118,"minecraft:tropical_fish":12,"minecraft:blaze_rod":6,"minecraft:obsidian":1,"minecraft:cobblestone":305,"minecraft:birch_log":1,"minecraft:magma_block":3,"minecraft:feather":2,"minecraft:magma_cream":2,"minecraft:water_bucket":1,"minecraft:andesite":1,"minecraft:jungle_log":68,"minecraft:smoker":1,"alexsmobs:bison_fur":7,"minecraft:flint":3,"minecraft:dirt":16,"minecraft:lapis_lazuli":107,"minecraft:stripped_birch_log":1,"minecraft:name_tag":1,"minecraft:leather_boots":1,"minecraft:bone":65,"minecraft:acacia_planks":1,"minecraft:bow":2,"minecraft:wheat_seeds":36,"minecraft:raw_gold":56,"minecraft:moss_block":47,"minecraft:oak_planks":290,"minecraft:ghast_tear":1,"minecraft:cooked_porkchop":13,"minecraft:warped_wart_block":3,"minecraft:jungle_planks":9,"minecraft:sand":90,"minecraft:ink_sac":2,"minecraft:grass_block":1,"alexsmobs:animal_dictionary":1,"minecraft:clay":1,"minecraft:diamond":8,"minecraft:bone_meal":2,"minecraft:golden_apple":13,"minecraft:emerald":20,"minecraft:bread":66,"alexsmobs:maggot":2,"minecraft:oak_sapling":22,"minecraft:netherrack":70,"minecraft:crafting_table":19,"artifacts:night_vision_goggles":1,"minecraft:nether_wart":20,"minecraft:clay_ball":4,"minecraft:wooden_pickaxe":1,"minecraft:gold_block":9,"minecraft:shield":5,"minecraft:moss_carpet":10,"minecraft:iron_axe":4,"minecraft:acacia_door":9,"minecraft:iron_shovel":2,"minecraft:blackstone":1,"minecraft:cracked_stone_bricks":1,"minecraft:beef":87,"minecraft:oak_boat":6,"minecraft:poppy":6,"minecraft:light_gray_wool":2,"minecraft:lectern":10,"minecraft:sugar_cane":11,"minecraft:phantom_membrane":3,"minecraft:egg":8,"minecraft:raw_iron":274,"minecraft:sandstone":39,"minecraft:carrot":32,"alexsmobs:leafcutter_ant_pupa":1,"minecraft:prismarine_crystals":4,"minecraft:arrow":38,"minecraft:jungle_stairs":1,"minecraft:hay_block":211,"artifacts:cross_necklace":1,"minecraft:saddle":1,"artifacts:pocket_piston":1,"minecraft:gold_ingot":8,"minecraft:glow_berries":44,"minecraft:mutton":42,"alexsmobs:kangaroo_meat":2,"minecraft:white_wool":24,"minecraft:rail":2,"minecraft:basalt":32,"artifacts:digging_claws":1,"minecraft:leather":22,"minecraft:filled_map":3,"alexsmobs:cachalot_whale_tooth":1,"minecraft:oak_log":115,"minecraft:golden_boots":1,"minecraft:gunpowder":5,"minecraft:paper":10,"minecraft:cooked_mutton":19,"minecraft:apple":4,"minecraft:spore_blossom":2,"minecraft:iron_ingot":63,"minecraft:stone_pickaxe":7,"minecraft:soul_sand":1,"minecraft:flowering_azalea":1,"minecraft:iron_sword":5,"minecraft:book":5,"minecraft:warped_fungus":1,"minecraft:gravel":12,"minecraft:lava_bucket":1,"minecraft:white_bed":4,"minecraft:spider_eye":2,"minecraft:leather_helmet":2,"alexsmobs:raw_catfish":6,"minecraft:stone_axe":2,"minecraft:iron_helmet":3,"minecraft:diamond_axe":1,"minecraft:gray_wool":1,"minecraft:warped_roots":2,"minecraft:melon_seeds":2,"minecraft:black_wool":1,"minecraft:coal":264,"minecraft:ender_pearl":1},"minecraft:killed_by":{"alexsmobs:straddler":1,"alexsmobs:elephant":1,"alexsmobs:cachalot_whale":1,"minecraft:enderman":2,"minecraft:iron_golem":1},"minecraft:dropped":{"minecraft:clay":1,"minecraft:iron_sword":2,"alexsmobs:straddlite":1,"minecraft:porkchop":6,"minecraft:lapis_lazuli":11,"minecraft:glass_bottle":1,"minecraft:diamond":11,"minecraft:spore_blossom":2,"minecraft:warped_roots":1,"minecraft:jungle_planks":3,"minecraft:saddle":1,"travelersbackpack:standard":1,"minecraft:rail":1,"minecraft:leather_helmet":3,"minecraft:mutton":12,"minecraft:bone_meal":2,"minecraft:iron_pickaxe":3,"minecraft:acacia_door":7,"minecraft:white_wool":3,"minecraft:bone":16,"minecraft:gravel":1,"alexsmobs:gazelle_horn":2,"minecraft:rotten_flesh":9,"minecraft:blaze_powder":6,"minecraft:carrot":30,"minecraft:gunpowder":2,"minecraft:jungle_stairs":1,"minecraft:melon_seeds":2,"minecraft:leather_boots":1,"minecraft:basalt":3,"minecraft:arrow":26,"minecraft:warped_wart_block":1,"minecraft:iron_ingot":46,"minecraft:bread":29,"minecraft:wheat_seeds":36,"minecraft:feather":2,"minecraft:prismarine_crystals":4,"minecraft:acacia_log":1,"minecraft:coal":55,"minecraft:golden_apple":2,"minecraft:stick":1,"minecraft:gray_wool":1,"minecraft:ink_sac":2,"minecraft:torch":65,"minecraft:melon_slice":51,"minecraft:red_dye":1,"minecraft:string":2,"artifacts:digging_claws":1,"minecraft:moss_carpet":2,"minecraft:chicken":1,"minecraft:clay_ball":4,"improvableskills:skills_book":1,"minecraft:flint_and_steel":1,"minecraft:filled_map":3,"minecraft:hay_block":20,"minecraft:shield":1,"minecraft:oak_sapling":4,"minecraft:spider_eye":2,"minecraft:bow":1,"minecraft:stone_pickaxe":2},"minecraft:mined":{"minecraft:white_bed":4,"minecraft:jungle_leaves":5,"minecraft:cave_vines_plant":1,"minecraft:acacia_log":5,"minecraft:grass_block":5,"minecraft:jungle_log":64,"travelersbackpack:iron":2,"minecraft:nether_wart":20,"minecraft:spawner":6,"minecraft:tall_seagrass":2,"minecraft:iron_ore":170,"minecraft:fire":41,"minecraft:deepslate_lapis_ore":2,"minecraft:cave_vines":1,"minecraft:orange_bed":2,"minecraft:blackstone":1,"minecraft:smoker":1,"minecraft:torch":11,"minecraft:jungle_stairs":1,"minecraft:poppy":6,"minecraft:melon":39,"minecraft:cobblestone":47,"minecraft:sugar_cane":4,"minecraft:oak_planks":24,"minecraft:wall_torch":5,"minecraft:warped_nylium":7,"minecraft:birch_log":1,"minecraft:wheat":1,"minecraft:warped_fungus":1,"minecraft:grass":112,"minecraft:oak_log":104,"minecraft:acacia_fence":2,"minecraft:sand":55,"minecraft:dirt":7,"minecraft:netherrack":65,"minecraft:oak_leaves":64,"minecraft:deepslate":5,"minecraft:nether_gold_ore":20,"minecraft:deepslate_diamond_ore":1,"minecraft:stripped_birch_log":1,"minecraft:purple_candle":1,"minecraft:jungle_planks":8,"alexsmobs:leafcutter_ant_chamber":1,"minecraft:moss_block":31,"minecraft:sandstone":43,"minecraft:hay_block":166,"minecraft:furnace":1,"minecraft:andesite":4,"minecraft:gold_block":3,"minecraft:deepslate_iron_ore":34,"minecraft:vine":3,"minecraft:rail":1,"minecraft:stone":102,"minecraft:white_wool":8,"minecraft:soul_sand":1,"minecraft:basalt":3,"minecraft:crafting_table":15,"minecraft:emerald_ore":21,"minecraft:warped_roots":1,"minecraft:lectern":10,"minecraft:tall_grass":5,"minecraft:lapis_ore":7,"minecraft:deepslate_gold_ore":19,"minecraft:warped_wart_block":2,"minecraft:coal_ore":160,"minecraft:gravel":12,"minecraft:cobweb":30,"minecraft:cracked_stone_bricks":1,"minecraft:acacia_planks":1,"minecraft:gold_ore":8,"minecraft:fern":19}},"DataVersion":3120}