{"stats":{"minecraft:broken":{"minecraft:golden_boots":1,"minecraft:stone_pickaxe":1,"minecraft:stone_axe":1,"minecraft:wooden_pickaxe":1,"minecraft:iron_pickaxe":1},"minecraft:custom":{"minecraft:interact_with_crafting_table":68,"minecraft:open_barrel":14,"minecraft:leave_game":4,"minecraft:time_since_death":139152,"minecraft:sprint_one_cm":1042978,"minecraft:damage_blocked_by_shield":2380,"minecraft:drop":91,"minecraft:talked_to_villager":38,"minecraft:play_time":452812,"minecraft:deaths":10,"minecraft:jump":8014,"minecraft:walk_on_water_one_cm":124470,"minecraft:interact_with_furnace":56,"minecraft:traded_with_villager":1,"minecraft:interact_with_cartography_table":1,"minecraft:sleep_in_bed":8,"minecraft:damage_dealt":30303,"minecraft:crouch_one_cm":53345,"minecraft:interact_with_smoker":6,"minecraft:horse_one_cm":15301,"minecraft:interact_with_smithing_table":2,"minecraft:mob_kills":205,"minecraft:climb_one_cm":23685,"minecraft:walk_one_cm":1135930,"minecraft:sneak_time":18340,"minecraft:walk_under_water_one_cm":109477,"minecraft:boat_one_cm":98475,"minecraft:interact_with_blast_furnace":3,"minecraft:total_world_time":452812,"minecraft:time_since_rest":5128,"minecraft:damage_taken":9664,"minecraft:swim_one_cm":417850,"minecraft:fly_one_cm":1326450,"minecraft:open_chest":152,"minecraft:fall_one_cm":263108},"minecraft:picked_up":{"minecraft:iron_chestplate":1,"minecraft:suspicious_stew":1,"minecraft:string":16,"minecraft:iron_leggings":2,"alexsmobs:dropbear_claw":2,"minecraft:gold_nugget":75,"minecraft:cobbled_deepslate":4,"minecraft:bucket":2,"minecraft:iron_pickaxe":3,"minecraft:melon_slice":130,"minecraft:iron_boots":3,"minecraft:furnace":1,"minecraft:stick":45,"minecraft:torch":63,"minecraft:acacia_log":7,"minecraft:porkchop":72,"minecraft:diorite":3,"minecraft:rotten_flesh":45,"minecraft:tropical_fish":12,"minecraft:blaze_rod":6,"minecraft:cobblestone":257,"minecraft:birch_log":1,"minecraft:magma_block":3,"minecraft:magma_cream":2,"minecraft:jungle_log":68,"minecraft:andesite":1,"minecraft:smoker":1,"minecraft:flint":3,"minecraft:lapis_lazuli":49,"minecraft:stripped_birch_log":1,"minecraft:leather_boots":1,"minecraft:bone":55,"minecraft:acacia_planks":1,"minecraft:bow":1,"minecraft:wheat_seeds":30,"minecraft:raw_gold":26,"minecraft:moss_block":47,"minecraft:oak_planks":263,"minecraft:ghast_tear":1,"minecraft:cooked_porkchop":13,"minecraft:warped_wart_block":3,"minecraft:jungle_planks":9,"minecraft:sand":62,"minecraft:ink_sac":2,"minecraft:clay":1,"minecraft:diamond":8,"minecraft:bone_meal":2,"minecraft:golden_apple":8,"minecraft:bread":59,"minecraft:oak_sapling":18,"minecraft:netherrack":70,"minecraft:crafting_table":17,"minecraft:nether_wart":20,"minecraft:clay_ball":4,"minecraft:wooden_pickaxe":1,"minecraft:gold_block":7,"minecraft:shield":4,"minecraft:moss_carpet":10,"minecraft:iron_axe":3,"minecraft:acacia_door":9,"minecraft:iron_shovel":1,"minecraft:blackstone":1,"minecraft:cracked_stone_bricks":1,"minecraft:beef":48,"minecraft:oak_boat":5,"minecraft:poppy":6,"minecraft:lectern":10,"minecraft:sugar_cane":11,"minecraft:egg":8,"minecraft:phantom_membrane":3,"minecraft:raw_iron":215,"minecraft:sandstone":39,"minecraft:carrot":32,"minecraft:prismarine_crystals":4,"minecraft:arrow":22,"minecraft:jungle_stairs":1,"minecraft:hay_block":67,"minecraft:gold_ingot":8,"minecraft:glow_berries":44,"minecraft:mutton":29,"minecraft:white_wool":10,"minecraft:rail":1,"minecraft:basalt":32,"minecraft:leather":21,"minecraft:filled_map":3,"alexsmobs:cachalot_whale_tooth":1,"minecraft:oak_log":111,"minecraft:golden_boots":1,"minecraft:gunpowder":1,"minecraft:paper":10,"minecraft:cooked_mutton":19,"minecraft:apple":4,"minecraft:spore_blossom":2,"minecraft:iron_ingot":60,"minecraft:stone_pickaxe":7,"minecraft:flowering_azalea":1,"minecraft:iron_sword":4,"minecraft:soul_sand":1,"minecraft:book":5,"minecraft:warped_fungus":1,"minecraft:gravel":11,"minecraft:lava_bucket":1,"minecraft:white_bed":4,"minecraft:spider_eye":1,"minecraft:leather_helmet":2,"alexsmobs:raw_catfish":3,"minecraft:stone_axe":2,"minecraft:iron_helmet":2,"minecraft:gray_wool":1,"minecraft:warped_roots":2,"minecraft:coal":260},"minecraft:killed":{"minecraft:zombified_piglin":1,"minecraft:spider":3,"minecraft:skeleton":23,"alexsmobs:straddler":3,"alexsmobs:laviathan":1,"minecraft:magma_cube":29,"minecraft:piglin":3,"minecraft:pig":32,"minecraft:zombie_villager":2,"minecraft:iron_golem":2,"alexsmobs:stradpole":1,"minecraft:strider":1,"alexsmobs:warped_toad":2,"minecraft:sheep":10,"minecraft:zombie":30,"minecraft:ghast":2,"alexsmobs:fly":1,"minecraft:cow":22,"minecraft:blaze":12,"alexsmobs:dropbear":1,"minecraft:phantom":4,"minecraft:drowned":1,"alexsmobs:catfish":1,"minecraft:wither_skeleton":2,"minecraft:enderman":5},"minecraft:crafted":{"minecraft:oak_planks":60,"minecraft:bookshelf":1,"minecraft:cooked_mutton":2,"minecraft:iron_boots":3,"improvableskills:skills_book":2,"minecraft:chest":3,"minecraft:emerald":1,"minecraft:cooked_porkchop":20,"minecraft:crafting_table":1,"minecraft:acacia_slab":6,"minecraft:wooden_pickaxe":1,"minecraft:iron_helmet":3,"minecraft:lectern":1,"minecraft:iron_chestplate":4,"minecraft:paper":9,"minecraft:shield":2,"minecraft:stick":28,"minecraft:iron_ingot":148,"minecraft:iron_pickaxe":5,"minecraft:gold_ingot":153,"minecraft:fishing_rod":1,"mahoutsukai:guidebook":1,"minecraft:furnace":2,"minecraft:bone_meal":3,"minecraft:flint_and_steel":1,"minecraft:iron_axe":4,"minecraft:wheat":414,"minecraft:cooked_beef":9,"minecraft:red_dye":6,"minecraft:iron_sword":4,"minecraft:bucket":4,"minecraft:stone_axe":1,"minecraft:air":0,"minecraft:bread":138,"minecraft:jungle_planks":24,"minecraft:oak_boat":1,"minecraft:golden_apple":4,"minecraft:warped_fungus_on_a_stick":1,"minecraft:raw_gold":63,"minecraft:iron_leggings":3,"minecraft:acacia_planks":24,"minecraft:torch":40},"minecraft:used":{"minecraft:moss_block":31,"minecraft:moss_carpet":8,"minecraft:chest":3,"minecraft:shield":72,"minecraft:iron_sword":379,"minecraft:rotten_flesh":23,"minecraft:iron_chestplate":2,"minecraft:jungle_planks":16,"minecraft:carrot":13,"minecraft:lava_bucket":15,"minecraft:iron_helmet":4,"minecraft:hay_block":15,"minecraft:furnace":3,"minecraft:oak_sapling":18,"minecraft:cooked_cod":7,"minecraft:egg":7,"minecraft:diorite":3,"minecraft:warped_fungus_on_a_stick":3,"minecraft:stripped_birch_log":1,"minecraft:stone_pickaxe":106,"minecraft:oak_planks":132,"minecraft:blackstone":1,"minecraft:wooden_pickaxe":57,"minecraft:mossy_stone_brick_stairs":1,"minecraft:sandstone":39,"minecraft:glow_berries":62,"minecraft:sand":32,"minecraft:acacia_door":1,"minecraft:bread":75,"minecraft:melon_slice":80,"minecraft:lectern":11,"minecraft:gravel":11,"minecraft:birch_log":1,"minecraft:andesite":1,"minecraft:oak_boat":4,"minecraft:bone_meal":3,"minecraft:tropical_fish":7,"minecraft:netherrack":67,"minecraft:torch":64,"minecraft:warped_wart_block":2,"minecraft:flowering_azalea":1,"minecraft:iron_axe":274,"minecraft:acacia_slab":2,"minecraft:iron_boots":2,"minecraft:basalt":4,"minecraft:cobbled_deepslate":3,"minecraft:iron_leggings":2,"minecraft:wheat_seeds":1,"minecraft:cooked_mutton":20,"minecraft:water_bucket":32,"minecraft:cracked_stone_bricks":1,"minecraft:warped_roots":1,"minecraft:rail":1,"minecraft:crafting_table":13,"minecraft:white_bed":4,"minecraft:oak_log":10,"minecraft:iron_pickaxe":493,"minecraft:stone_axe":107,"minecraft:cobblestone":84,"minecraft:cooked_porkchop":2,"minecraft:bucket":47,"alexsmobs:animal_dictionary":2},"minecraft:mined":{"minecraft:white_bed":4,"minecraft:jungle_leaves":5,"minecraft:cave_vines_plant":1,"minecraft:acacia_log":5,"minecraft:jungle_log":64,"minecraft:nether_wart":20,"minecraft:tall_seagrass":2,"minecraft:iron_ore":126,"minecraft:fire":41,"minecraft:deepslate_lapis_ore":1,"minecraft:cave_vines":1,"minecraft:blackstone":1,"minecraft:smoker":1,"minecraft:torch":10,"minecraft:jungle_stairs":1,"minecraft:poppy":6,"minecraft:melon":18,"minecraft:cobblestone":19,"minecraft:sugar_cane":4,"minecraft:oak_planks":13,"minecraft:wall_torch":3,"minecraft:warped_nylium":7,"minecraft:birch_log":1,"minecraft:wheat":1,"minecraft:warped_fungus":1,"minecraft:grass":99,"minecraft:oak_log":100,"minecraft:sand":27,"minecraft:netherrack":65,"minecraft:oak_leaves":32,"minecraft:deepslate":3,"minecraft:nether_gold_ore":20,"minecraft:deepslate_diamond_ore":1,"minecraft:stripped_birch_log":1,"minecraft:jungle_planks":8,"minecraft:moss_block":31,"minecraft:sandstone":43,"minecraft:hay_block":67,"minecraft:furnace":1,"minecraft:andesite":4,"minecraft:gold_block":1,"minecraft:deepslate_iron_ore":34,"minecraft:vine":2,"minecraft:rail":1,"minecraft:stone":100,"minecraft:soul_sand":1,"minecraft:basalt":3,"minecraft:crafting_table":13,"minecraft:warped_roots":1,"minecraft:lectern":10,"minecraft:tall_grass":2,"minecraft:lapis_ore":3,"minecraft:deepslate_gold_ore":7,"minecraft:warped_wart_block":2,"minecraft:coal_ore":156,"minecraft:gravel":10,"minecraft:cracked_stone_bricks":1,"minecraft:acacia_planks":1,"minecraft:gold_ore":5,"minecraft:fern":19},"minecraft:killed_by":{"alexsmobs:straddler":1,"alexsmobs:cachalot_whale":1,"minecraft:enderman":2,"minecraft:iron_golem":1},"minecraft:dropped":{"minecraft:clay":1,"minecraft:iron_sword":2,"minecraft:porkchop":3,"minecraft:lapis_lazuli":2,"minecraft:spore_blossom":2,"minecraft:warped_roots":1,"minecraft:jungle_planks":3,"minecraft:leather_helmet":3,"minecraft:mutton":9,"minecraft:bone_meal":2,"minecraft:iron_pickaxe":1,"minecraft:acacia_door":7,"minecraft:white_wool":3,"minecraft:bone":11,"minecraft:rotten_flesh":9,"minecraft:carrot":24,"minecraft:jungle_stairs":1,"minecraft:leather_boots":1,"minecraft:basalt":3,"minecraft:arrow":8,"minecraft:warped_wart_block":1,"minecraft:iron_ingot":46,"minecraft:bread":29,"minecraft:wheat_seeds":30,"minecraft:prismarine_crystals":4,"minecraft:acacia_log":1,"minecraft:coal":55,"minecraft:golden_apple":2,"minecraft:stick":1,"minecraft:gray_wool":1,"minecraft:ink_sac":2,"minecraft:melon_slice":50,"minecraft:red_dye":1,"minecraft:moss_carpet":2,"minecraft:clay_ball":4,"improvableskills:skills_book":1,"minecraft:flint_and_steel":1,"minecraft:filled_map":3,"minecraft:shield":1,"minecraft:spider_eye":1,"minecraft:stone_pickaxe":2}},"DataVersion":3120}