{"stats":{"minecraft:used":{"minecraft:moss_block":1,"minecraft:stone_pickaxe":36,"minecraft:oak_planks":2,"minecraft:wooden_pickaxe":57,"minecraft:sandstone":4,"minecraft:stone_axe":7,"minecraft:torch":11,"minecraft:glow_berries":16,"minecraft:sand":32,"minecraft:cobblestone":9,"minecraft:crafting_table":1},"minecraft:dropped":{"minecraft:stone_pickaxe":2},"minecraft:custom":{"minecraft:time_since_rest":22,"minecraft:sprint_one_cm":36859,"minecraft:damage_taken":850,"minecraft:walk_one_cm":87060,"minecraft:mob_kills":6,"minecraft:drop":2,"minecraft:damage_dealt":1424,"minecraft:interact_with_crafting_table":3,"minecraft:fly_one_cm":42119,"minecraft:crouch_one_cm":1376,"minecraft:play_time":23542,"minecraft:deaths":3,"minecraft:sneak_time":508,"minecraft:walk_under_water_one_cm":1964,"minecraft:jump":412,"minecraft:walk_on_water_one_cm":4090,"minecraft:time_since_death":0,"minecraft:climb_one_cm":675,"minecraft:total_world_time":23542,"minecraft:fall_one_cm":13463},"minecraft:broken":{"minecraft:wooden_pickaxe":1},"minecraft:picked_up":{"minecraft:crafting_table":2,"minecraft:stick":8,"minecraft:raw_iron":16,"minecraft:sandstone":4,"minecraft:torch":23,"minecraft:wooden_pickaxe":1,"minecraft:sand":43,"minecraft:oak_log":2,"minecraft:lapis_lazuli":9,"minecraft:stone_pickaxe":4,"minecraft:moss_block":1,"minecraft:glow_berries":19,"minecraft:oak_planks":6,"minecraft:coal":4,"minecraft:cobblestone":92},"minecraft:mined":{"minecraft:iron_ore":7,"minecraft:deepslate_lapis_ore":1,"minecraft:crafting_table":2,"minecraft:torch":6,"minecraft:cave_vines_plant":1,"minecraft:grass":1,"minecraft:oak_log":2,"minecraft:coal_ore":4,"minecraft:deepslate_iron_ore":5,"minecraft:sand":9,"minecraft:lapis_ore":2,"minecraft:stone":48,"minecraft:moss_block":1,"minecraft:oak_planks":1,"minecraft:wall_torch":1,"minecraft:sandstone":3,"minecraft:fern":1},"minecraft:killed":{"minecraft:zombie":2,"minecraft:spider":1,"minecraft:enderman":1},"minecraft:killed_by":{"minecraft:enderman":1},"minecraft:crafted":{"minecraft:oak_planks":8,"minecraft:stick":8,"minecraft:wooden_pickaxe":1,"minecraft:torch":16,"minecraft:stone_axe":1}},"DataVersion":3120}